episode,time_sec,tick,leader_phase,leader_speed_mps,follower_speed_mps,distance_m,desired_distance_m,spacing_error_m,relative_velocity_mps,thw_sec,observed_distance_m,observed_lead_speed_mps,control_spacing_error_m,control_relative_velocity_mps,throttle,brake,comm_success,time_since_last_comm_success_sec
9,0.05,1,accelerate,0.0,0.0,12.825,7.0,5.825,0.0,128.247,12.825,0.0,5.825,0.0,0.778,0.0,0,0.05
9,0.1,2,accelerate,0.003,0.003,12.825,7.003,5.822,0.0,128.247,12.825,0.003,5.822,0.0,0.778,0.0,1,0.0
9,0.15,3,accelerate,0.001,0.001,12.825,7.001,5.824,0.0,128.247,12.825,0.001,5.824,0.0,0.779,0.0,1,0.0
9,0.2,4,accelerate,0.0,0.0,12.825,7.0,5.825,-0.0,128.247,12.825,0.0,5.825,-0.0,0.78,0.0,1,0.0
9,0.25,5,accelerate,0.0,0.001,12.825,7.001,5.824,-0.0,128.247,12.825,0.0,5.824,-0.0,0.781,0.0,1,0.0
9,0.3,6,accelerate,0.001,0.001,12.825,7.001,5.824,-0.0,128.247,12.825,0.001,5.824,-0.0,0.782,0.0,1,0.0
9,0.35,7,accelerate,0.001,0.001,12.825,7.001,5.824,-0.0,128.247,12.825,0.001,5.824,0.0,0.783,0.0,0,0.05
9,0.4,8,accelerate,0.0,0.0,12.825,7.0,5.824,-0.0,128.247,12.825,0.001,5.824,0.0,0.784,0.0,0,0.1
9,0.45,9,accelerate,0.0,0.0,12.825,7.0,5.824,-0.0,128.247,12.825,0.001,5.824,0.0,0.785,0.0,0,0.15
9,0.5,10,accelerate,0.0,0.0,12.825,7.0,5.825,-0.0,128.247,12.825,0.001,5.825,0.0,0.786,0.0,0,0.2
9,0.55,11,accelerate,0.0,0.0,12.825,7.0,5.825,-0.0,128.247,12.825,0.0,5.825,-0.0,0.787,0.0,1,0.0
9,0.6,12,accelerate,0.0,0.0,12.825,7.0,5.825,-0.0,128.247,12.825,0.0,5.825,-0.0,0.788,0.0,1,0.0
9,0.65,13,accelerate,0.158,0.305,12.82,7.305,5.515,-0.146,42.097,12.82,0.158,5.515,-0.146,0.743,0.0,1,0.0
9,0.7,14,accelerate,0.518,0.628,12.815,7.628,5.187,-0.11,20.405,12.815,0.518,5.187,-0.11,0.701,0.0,1,0.0
9,0.75,15,accelerate,0.821,0.893,12.812,7.893,4.919,-0.072,14.346,12.812,0.821,4.919,-0.072,0.668,0.0,1,0.0
9,0.8,16,accelerate,1.035,1.004,12.813,8.004,4.809,0.03,12.758,12.813,1.035,4.809,0.03,0.657,0.0,1,0.0
9,0.85,17,accelerate,1.162,1.126,12.816,8.126,4.69,0.037,11.383,12.816,1.162,4.69,0.037,0.642,0.0,1,0.0
9,0.9,18,accelerate,1.301,1.216,12.821,8.216,4.605,0.085,10.543,12.759,1.162,4.543,-0.054,0.621,0.0,0,0.05
9,0.95,19,accelerate,1.417,1.319,12.828,8.319,4.509,0.098,9.727,12.828,1.417,4.509,0.098,0.622,0.0,1,0.0
9,1.0,20,accelerate,1.543,1.379,12.836,8.379,4.458,0.164,9.31,12.763,1.417,4.384,0.038,0.604,0.0,0,0.05
9,1.05,21,accelerate,1.645,1.511,12.846,8.511,4.335,0.134,8.502,12.846,1.645,4.335,0.134,0.601,0.0,1,0.0
9,1.1,22,accelerate,1.806,1.591,12.857,8.591,4.266,0.215,8.081,12.771,1.645,4.18,0.054,0.579,0.0,0,0.05
9,1.15,23,accelerate,1.917,1.695,12.87,8.695,4.175,0.222,7.592,12.87,1.917,4.175,0.222,0.584,0.0,1,0.0
9,1.2,24,accelerate,2.082,1.744,12.887,8.744,4.144,0.338,7.391,12.887,2.082,4.144,0.338,0.585,0.0,1,0.0
9,1.25,25,accelerate,2.228,1.855,12.907,8.855,4.052,0.373,6.957,12.907,2.228,4.052,0.373,0.574,0.0,1,0.0
9,1.3,26,accelerate,2.418,1.898,12.933,8.898,4.035,0.52,6.813,12.933,2.418,4.035,0.52,0.578,0.0,1,0.0
9,1.35,27,accelerate,2.584,1.981,12.964,8.981,3.983,0.603,6.544,12.964,2.584,3.983,0.603,0.574,0.0,1,0.0
9,1.4,28,accelerate,2.755,2.039,13.0,9.039,3.962,0.717,6.377,13.0,2.755,3.962,0.717,0.576,0.0,1,0.0
9,1.45,29,accelerate,2.842,2.132,13.039,9.132,3.907,0.711,6.117,13.039,2.842,3.907,0.711,0.569,0.0,1,0.0
9,1.5,30,accelerate,2.887,2.199,13.077,9.199,3.878,0.689,5.948,13.077,2.887,3.878,0.689,0.565,0.0,1,0.0
9,1.55,31,accelerate,2.886,2.296,13.111,9.296,3.815,0.59,5.709,13.111,2.886,3.815,0.59,0.554,0.0,1,0.0
9,1.6,32,accelerate,2.919,2.367,13.142,9.367,3.775,0.551,5.551,12.998,2.886,3.63,0.519,0.527,0.0,0,0.05
9,1.65,33,accelerate,2.98,2.448,13.172,9.448,3.723,0.532,5.38,13.172,2.98,3.723,0.532,0.541,0.0,1,0.0
9,1.7,34,accelerate,3.108,2.493,13.203,9.493,3.71,0.616,5.297,13.203,3.108,3.71,0.616,0.543,0.0,1,0.0
9,1.75,35,accelerate,3.256,2.571,13.238,9.571,3.667,0.684,5.148,13.238,3.256,3.667,0.684,0.54,0.0,1,0.0
9,1.8,36,accelerate,3.447,2.648,13.278,9.648,3.629,0.799,5.014,13.278,3.447,3.629,0.799,0.539,0.0,1,0.0
9,1.85,37,accelerate,3.624,2.745,13.322,9.745,3.578,0.879,4.854,13.322,3.624,3.578,0.879,0.535,0.0,1,0.0
9,1.9,38,accelerate,3.752,2.818,13.37,9.818,3.551,0.933,4.744,13.37,3.752,3.551,0.933,0.534,0.0,1,0.0
9,1.95,39,accelerate,3.783,2.911,13.416,9.911,3.506,0.872,4.609,13.416,3.783,3.506,0.872,0.527,0.0,1,0.0
9,2.0,40,accelerate,3.783,2.983,13.459,9.983,3.476,0.799,4.511,13.459,3.783,3.476,0.799,0.521,0.0,1,0.0
9,2.05,41,accelerate,3.797,3.072,13.498,10.072,3.426,0.725,4.394,13.309,3.783,3.237,0.711,0.487,0.0,0,0.05
9,2.1,42,accelerate,3.888,3.139,13.536,10.139,3.397,0.75,4.312,13.536,3.888,3.397,0.75,0.51,0.0,1,0.0
9,2.15,43,accelerate,4.026,3.218,13.576,10.218,3.358,0.808,4.219,13.576,4.026,3.358,0.808,0.507,0.0,1,0.0
9,2.2,44,accelerate,4.199,3.281,13.621,10.281,3.34,0.918,4.152,13.415,4.026,3.134,0.745,0.476,0.0,0,0.05
9,2.25,45,accelerate,4.381,3.355,13.671,10.355,3.316,1.026,4.075,13.671,4.381,3.316,1.026,0.51,0.0,1,0.0
9,2.3,46,accelerate,4.541,3.413,13.727,10.413,3.314,1.128,4.022,13.727,4.541,3.314,1.128,0.514,0.0,1,0.0
9,2.35,47,accelerate,4.619,3.487,13.785,10.487,3.298,1.131,3.953,13.555,4.541,3.068,1.053,0.479,0.0,0,0.05
9,2.4,48,accelerate,4.628,3.547,13.841,10.547,3.294,1.08,3.902,13.381,4.541,2.833,0.993,0.446,0.0,0,0.1
9,2.45,49,accelerate,4.627,3.611,13.894,10.611,3.283,1.016,3.848,13.894,4.627,3.283,1.016,0.507,0.0,1,0.0
9,2.5,50,accelerate,4.685,3.648,13.946,10.648,3.298,1.036,3.823,13.946,4.685,3.298,1.036,0.511,0.0,1,0.0
9,2.55,51,accelerate,4.803,3.713,14.0,10.713,3.287,1.09,3.77,14.0,4.803,3.287,1.09,0.511,0.0,1,0.0
9,2.6,52,accelerate,4.956,3.776,14.058,10.776,3.282,1.18,3.723,13.814,4.803,3.038,1.027,0.477,0.0,0,0.05
9,2.65,53,accelerate,5.128,3.844,14.121,10.844,3.277,1.284,3.674,13.624,4.803,2.78,0.959,0.44,0.0,0,0.1
9,2.7,54,accelerate,5.243,3.893,14.188,10.893,3.295,1.35,3.645,13.431,4.803,2.538,0.91,0.407,0.0,0,0.15
9,2.75,55,accelerate,5.09,3.935,14.25,10.935,3.315,1.155,3.621,14.25,5.09,3.315,1.155,0.519,0.0,1,0.0
9,2.8,56,accelerate,5.093,3.969,14.307,10.969,3.338,1.124,3.605,14.307,5.093,3.338,1.124,0.522,0.0,1,0.0
9,2.85,57,accelerate,5.0,4.025,14.36,11.025,3.335,0.975,3.568,14.108,5.093,3.083,1.069,0.487,0.0,0,0.05
9,2.9,58,accelerate,5.459,4.078,14.422,11.078,3.344,1.381,3.536,14.422,5.459,3.344,1.381,0.532,0.0,1,0.0
9,2.95,59,accelerate,5.818,4.128,14.501,11.128,3.373,1.69,3.513,14.501,5.818,3.373,1.69,0.547,0.0,1,0.0
9,3.0,60,accelerate,5.924,4.2,14.587,11.2,3.387,1.724,3.473,14.587,5.924,3.387,1.724,0.551,0.0,1,0.0
9,3.05,61,accelerate,5.894,4.281,14.671,11.281,3.39,1.613,3.427,14.671,5.894,3.39,1.613,0.548,0.0,1,0.0
9,3.1,62,accelerate,5.845,4.36,14.748,11.36,3.387,1.485,3.382,14.455,5.894,3.094,1.533,0.506,0.0,0,0.05
9,3.15,63,accelerate,5.815,4.439,14.819,11.439,3.38,1.376,3.339,14.819,5.815,3.38,1.376,0.54,0.0,1,0.0
9,3.2,64,accelerate,5.815,4.512,14.885,11.512,3.374,1.303,3.299,14.885,5.815,3.374,1.303,0.537,0.0,1,0.0
9,3.25,65,accelerate,5.848,4.587,14.949,11.587,3.363,1.261,3.259,14.949,5.848,3.363,1.261,0.535,0.0,1,0.0
9,3.3,66,accelerate,5.915,4.661,15.013,11.661,3.351,1.254,3.221,15.013,5.915,3.351,1.254,0.533,0.0,1,0.0
9,3.35,67,accelerate,6.014,4.721,15.077,11.721,3.356,1.294,3.194,15.077,6.014,3.356,1.294,0.536,0.0,1,0.0
9,3.4,68,accelerate,6.142,4.798,15.143,11.798,3.345,1.344,3.156,15.143,6.142,3.345,1.344,0.537,0.0,1,0.0
9,3.45,69,accelerate,6.136,4.873,15.208,11.873,3.335,1.263,3.121,14.901,6.142,3.029,1.269,0.493,0.0,0,0.05
9,3.5,70,accelerate,6.131,4.94,15.269,11.94,3.329,1.191,3.091,15.269,6.131,3.329,1.191,0.531,0.0,1,0.0
9,3.55,71,accelerate,6.633,5.004,15.338,12.004,3.335,1.629,3.065,15.02,6.131,3.017,1.128,0.487,0.0,0,0.05
9,3.6,72,accelerate,7.16,5.062,15.435,12.062,3.373,2.098,3.049,14.768,6.131,2.707,1.07,0.445,0.0,0,0.1
9,3.65,73,accelerate,7.555,5.01,15.554,12.01,3.544,2.545,3.105,15.554,7.555,3.544,2.545,0.606,0.0,1,0.0
9,3.7,74,accelerate,7.722,5.001,15.688,12.001,3.687,2.722,3.137,15.304,7.555,3.303,2.554,0.575,0.0,0,0.05
9,3.75,75,accelerate,7.703,4.967,15.823,11.967,3.856,2.736,3.186,15.823,7.703,3.856,2.736,0.655,0.0,1,0.0
9,3.8,76,accelerate,7.626,5.117,15.952,12.117,3.834,2.508,3.117,15.952,7.626,3.834,2.508,0.645,0.0,1,0.0
9,3.85,77,accelerate,7.518,4.974,16.078,11.974,4.104,2.543,3.232,16.078,7.518,4.104,2.543,0.683,0.0,1,0.0
9,3.9,78,accelerate,7.405,5.28,16.192,12.28,3.912,2.125,3.067,15.82,7.518,3.539,2.237,0.598,0.0,0,0.05
9,3.95,79,accelerate,7.305,5.209,16.296,12.209,4.087,2.096,3.128,15.557,7.518,3.347,2.308,0.575,0.0,0,0.1
9,4.0,80,accelerate,7.248,5.211,16.399,12.211,4.187,2.036,3.147,15.296,7.518,3.085,2.306,0.541,0.0,0,0.15
9,4.05,81,accelerate,7.239,5.115,16.503,12.115,4.388,2.125,3.227,16.503,7.239,4.388,2.125,0.709,0.0,1,0.0
9,4.1,82,accelerate,7.276,5.162,16.609,12.162,4.447,2.114,3.218,16.609,7.276,4.447,2.114,0.718,0.0,1,0.0
9,4.15,83,accelerate,7.341,5.117,16.718,12.117,4.601,2.223,3.267,16.718,7.341,4.601,2.223,0.743,0.0,1,0.0
9,4.2,84,accelerate,7.448,5.235,16.829,12.235,4.594,2.213,3.215,16.829,7.448,4.594,2.213,0.742,0.0,1,0.0
9,4.25,85,accelerate,7.583,5.26,16.943,12.26,4.683,2.323,3.221,16.566,7.448,4.306,2.188,0.704,0.0,0,0.05
9,4.3,86,accelerate,7.741,5.504,17.057,12.504,4.554,2.237,3.099,16.297,7.448,3.793,1.945,0.628,0.0,0,0.1
9,4.35,87,accelerate,7.905,5.626,17.168,12.626,4.542,2.279,3.051,17.168,7.905,4.542,2.279,0.739,0.0,1,0.0
9,4.4,88,accelerate,8.086,5.823,17.282,12.823,4.459,2.263,2.968,17.282,8.086,4.459,2.263,0.729,0.0,1,0.0
9,4.45,89,accelerate,8.279,6.026,17.397,13.026,4.371,2.253,2.887,17.397,8.279,4.371,2.253,0.717,0.0,1,0.0
9,4.5,90,accelerate,8.479,6.183,17.51,13.183,4.327,2.296,2.832,17.51,8.479,4.327,2.296,0.714,0.0,1,0.0
9,4.55,91,accelerate,8.672,6.168,17.63,13.168,4.462,2.504,2.858,17.63,8.672,4.462,2.504,0.739,0.0,1,0.0
9,4.6,92,accelerate,8.875,6.214,17.759,13.214,4.545,2.661,2.858,17.759,8.875,4.545,2.661,0.756,0.0,1,0.0
9,4.65,93,accelerate,9.083,6.393,17.896,13.393,4.502,2.69,2.799,17.896,9.083,4.502,2.69,0.752,0.0,1,0.0
9,4.7,94,accelerate,9.294,7.085,18.013,14.085,3.928,2.21,2.543,18.013,9.294,3.928,2.21,0.66,0.0,1,0.0
9,4.75,95,accelerate,9.471,7.586,18.111,14.586,3.526,1.886,2.388,17.643,9.294,3.057,1.709,0.528,0.0,0,0.05
9,4.8,96,accelerate,9.572,7.939,18.194,14.939,3.255,1.633,2.292,18.194,9.572,3.255,1.633,0.552,0.0,1,0.0
9,4.85,97,accelerate,9.588,8.037,18.271,15.037,3.234,1.551,2.273,18.271,9.588,3.234,1.551,0.547,0.0,1,0.0
9,4.9,98,accelerate,9.536,8.19,18.339,15.19,3.149,1.347,2.239,18.339,9.536,3.149,1.347,0.53,0.0,1,0.0
9,4.95,99,accelerate,9.505,8.256,18.398,15.256,3.141,1.248,2.228,18.398,9.505,3.141,1.248,0.526,0.0,1,0.0
9,5.0,100,accelerate,9.53,8.379,18.452,15.379,3.073,1.151,2.202,17.982,9.505,2.602,1.126,0.451,0.0,0,0.05
9,5.05,101,accelerate,9.595,8.418,18.505,15.418,3.087,1.177,2.198,18.505,9.595,3.087,1.177,0.517,0.0,1,0.0
9,5.1,102,accelerate,9.682,8.509,18.558,15.509,3.049,1.173,2.181,18.558,9.682,3.049,1.173,0.513,0.0,1,0.0
9,5.15,103,accelerate,9.807,8.53,18.612,15.53,3.082,1.277,2.182,18.612,9.807,3.082,1.277,0.521,0.0,1,0.0
9,5.2,104,accelerate,9.966,8.614,18.67,15.614,3.056,1.352,2.167,18.67,9.966,3.056,1.352,0.521,0.0,1,0.0
9,5.25,105,accelerate,10.118,8.631,18.733,15.631,3.101,1.487,2.17,18.733,10.118,3.101,1.487,0.532,0.0,1,0.0
9,5.3,106,accelerate,10.302,8.712,18.799,15.712,3.087,1.59,2.158,18.799,10.302,3.087,1.59,0.534,0.0,1,0.0
9,5.35,107,accelerate,10.492,8.73,18.872,15.73,3.142,1.761,2.162,18.872,10.492,3.142,1.761,0.547,0.0,1,0.0
9,5.4,108,accelerate,10.664,8.813,18.95,15.813,3.137,1.851,2.15,18.95,10.664,3.137,1.851,0.55,0.0,1,0.0
9,5.45,109,accelerate,10.69,8.836,19.028,15.836,3.192,1.854,2.153,18.511,10.664,2.674,1.828,0.488,0.0,0,0.05
9,5.5,110,accelerate,10.644,8.918,19.102,15.918,3.183,1.726,2.142,19.102,10.644,3.183,1.726,0.553,0.0,1,0.0
9,5.55,111,accelerate,10.944,8.937,19.18,15.937,3.243,2.007,2.146,18.658,10.644,2.721,1.708,0.491,0.0,0,0.05
9,5.6,112,accelerate,11.276,9.014,19.273,16.014,3.259,2.261,2.138,19.273,11.276,3.259,2.261,0.582,0.0,1,0.0
9,5.65,113,accelerate,11.476,9.032,19.375,16.032,3.343,2.444,2.145,18.826,11.276,2.794,2.244,0.52,0.0,0,0.05
9,5.7,114,accelerate,11.466,9.113,19.474,16.113,3.361,2.354,2.137,19.474,11.466,3.361,2.354,0.6,0.0,1,0.0
9,5.75,115,accelerate,11.413,9.138,19.567,16.138,3.429,2.275,2.141,19.567,11.413,3.429,2.275,0.607,0.0,1,0.0
9,5.8,116,accelerate,11.355,9.232,19.655,16.232,3.423,2.123,2.129,19.655,11.355,3.423,2.123,0.601,0.0,1,0.0
9,5.85,117,accelerate,11.294,9.278,19.737,16.278,3.46,2.017,2.127,19.2,11.355,2.922,2.077,0.534,0.0,0,0.05
9,5.9,118,accelerate,11.275,9.379,19.812,16.379,3.432,1.895,2.112,19.812,11.275,3.432,1.895,0.596,0.0,1,0.0
9,5.95,119,accelerate,11.316,9.422,19.884,16.422,3.463,1.894,2.111,19.884,11.316,3.463,1.894,0.601,0.0,1,0.0
9,6.0,120,accelerate,11.396,9.525,19.958,16.525,3.433,1.871,2.095,19.958,11.396,3.433,1.871,0.597,0.0,1,0.0
9,6.05,121,accelerate,11.469,9.58,20.033,16.58,3.453,1.888,2.091,20.033,11.469,3.453,1.888,0.6,0.0,1,0.0
9,6.1,122,accelerate,11.57,9.69,20.107,16.69,3.417,1.88,2.075,20.107,11.57,3.417,1.88,0.596,0.0,1,0.0
9,6.15,123,accelerate,11.639,9.741,20.178,16.741,3.437,1.899,2.071,20.178,11.639,3.437,1.899,0.6,0.0,1,0.0
9,6.2,124,accelerate,11.773,9.851,20.248,16.851,3.397,1.922,2.055,19.704,11.639,2.853,1.789,0.519,0.0,0,0.05
9,6.25,125,accelerate,11.913,9.908,20.324,16.908,3.417,2.005,2.051,20.324,11.913,3.417,2.005,0.602,0.0,1,0.0
9,6.3,126,accelerate,12.031,9.991,20.404,16.991,3.413,2.041,2.042,20.404,12.031,3.413,2.041,0.603,0.0,1,0.0
9,6.35,127,accelerate,12.157,10.048,20.484,17.048,3.435,2.109,2.039,20.484,12.157,3.435,2.109,0.609,0.0,1,0.0
9,6.4,128,accelerate,12.305,10.154,20.569,17.154,3.415,2.151,2.026,20.569,12.305,3.415,2.151,0.608,0.0,1,0.0
9,6.45,129,accelerate,12.41,10.209,20.656,17.209,3.448,2.201,2.023,20.085,12.305,2.876,2.096,0.535,0.0,0,0.05
9,6.5,130,accelerate,12.543,10.309,20.744,17.309,3.435,2.234,2.012,19.596,12.305,2.287,1.996,0.453,0.0,0,0.1
9,6.55,131,accelerate,12.688,10.353,20.838,17.353,3.485,2.335,2.013,20.838,12.688,3.485,2.335,0.625,0.0,1,0.0
9,6.6,132,accelerate,12.796,10.425,20.937,17.425,3.512,2.371,2.008,20.35,12.688,2.925,2.263,0.548,0.0,0,0.05
9,6.65,133,accelerate,12.924,10.451,21.038,17.451,3.587,2.473,2.013,21.038,12.924,3.587,2.473,0.644,0.0,1,0.0
9,6.7,134,accelerate,13.005,10.526,21.139,17.526,3.613,2.478,2.008,21.139,13.005,3.613,2.478,0.648,0.0,1,0.0
9,6.75,135,accelerate,13.139,10.588,21.242,17.588,3.654,2.551,2.006,20.647,13.005,3.06,2.417,0.573,0.0,0,0.05
9,6.8,136,accelerate,13.289,10.669,21.351,17.669,3.682,2.62,2.001,20.151,13.005,2.481,2.336,0.494,0.0,0,0.1
9,6.85,137,accelerate,13.401,10.726,21.463,17.726,3.738,2.675,2.001,19.649,13.005,1.923,2.279,0.418,0.0,0,0.15
9,6.9,138,accelerate,13.524,10.792,21.578,17.792,3.786,2.731,1.999,21.578,13.524,3.786,2.731,0.682,0.0,1,0.0
9,6.95,139,accelerate,13.598,10.789,21.695,17.789,3.905,2.809,2.011,21.695,13.598,3.905,2.809,0.701,0.0,1,0.0
9,7.0,140,accelerate,13.729,10.86,21.812,17.86,3.952,2.869,2.008,21.812,13.729,3.952,2.869,0.71,0.0,1,0.0
9,7.05,141,accelerate,13.878,10.935,21.936,17.935,4.002,2.944,2.006,21.936,13.878,4.002,2.944,0.72,0.0,1,0.0
9,7.1,142,accelerate,13.987,11.066,22.065,18.066,3.999,2.921,1.994,21.435,13.878,3.369,2.812,0.631,0.0,0,0.05
9,7.15,143,accelerate,14.108,11.158,22.193,18.158,4.035,2.95,1.989,20.927,13.878,2.769,2.72,0.549,0.0,0,0.1
9,7.2,144,accelerate,14.177,11.27,22.318,18.27,4.049,2.908,1.98,20.412,13.878,2.142,2.609,0.462,0.0,0,0.15
9,7.25,145,accelerate,14.301,11.339,22.444,18.339,4.105,2.962,1.979,19.891,13.878,1.553,2.54,0.381,0.0,0,0.2
9,7.3,146,cruise,14.446,11.359,22.578,18.359,4.218,3.087,1.988,22.578,14.446,4.218,3.087,0.756,0.0,1,0.0
9,7.35,147,cruise,14.541,11.36,22.718,18.36,4.357,3.181,2.0,22.718,14.541,4.357,3.181,0.778,0.0,1,0.0
9,7.4,148,cruise,14.646,11.429,22.863,18.429,4.434,3.217,2.0,22.208,14.541,3.779,3.112,0.699,0.0,0,0.05
9,7.45,149,cruise,14.714,11.485,23.009,18.485,4.524,3.229,2.003,23.009,14.714,4.524,3.229,0.803,0.0,1,0.0
9,7.5,150,cruise,14.837,11.509,23.156,18.509,4.647,3.328,2.012,23.156,14.837,4.647,3.328,0.824,0.0,1,0.0
9,7.55,151,cruise,14.962,11.493,23.318,18.493,4.825,3.469,2.029,23.318,14.962,4.825,3.469,0.853,0.0,1,0.0
9,7.6,152,cruise,15.026,11.657,23.484,18.657,4.827,3.369,2.015,23.484,15.026,4.827,3.369,0.851,0.0,1,0.0
9,7.65,153,cruise,15.017,12.009,23.638,19.009,4.63,3.008,1.968,23.638,15.017,4.63,3.008,0.813,0.0,1,0.0
9,7.7,154,cruise,14.912,12.259,23.777,19.259,4.518,2.654,1.94,23.777,14.912,4.518,2.654,0.787,0.0,1,0.0
9,7.75,155,cruise,14.805,12.518,23.901,19.518,4.383,2.287,1.909,23.901,14.805,4.383,2.287,0.758,0.0,1,0.0
9,7.8,156,cruise,14.718,12.753,24.018,19.753,4.265,1.965,1.883,24.018,14.718,4.265,1.965,0.732,0.0,1,0.0
9,7.85,157,cruise,14.667,12.924,24.127,19.924,4.203,1.743,1.867,24.127,14.667,4.203,1.743,0.717,0.0,1,0.0
9,7.9,158,cruise,14.695,13.082,24.231,20.082,4.149,1.613,1.852,24.231,14.695,4.149,1.613,0.706,0.0,1,0.0
9,7.95,159,cruise,14.761,13.177,24.335,20.177,4.158,1.584,1.847,24.335,14.761,4.158,1.584,0.707,0.0,1,0.0
9,8.0,160,cruise,14.838,13.314,24.437,20.314,4.123,1.524,1.836,23.741,14.761,3.427,1.447,0.605,0.0,0,0.05
9,8.05,161,cruise,14.935,13.45,24.543,20.45,4.093,1.485,1.825,24.543,14.935,4.093,1.485,0.695,0.0,1,0.0
9,8.1,162,cruise,15.0,13.536,24.652,20.536,4.116,1.464,1.821,24.652,15.0,4.116,1.464,0.698,0.0,1,0.0
9,8.15,163,cruise,14.998,13.633,24.759,20.633,4.127,1.365,1.816,24.759,14.998,4.127,1.365,0.696,0.0,1,0.0
9,8.2,164,cruise,14.927,13.683,24.862,20.683,4.179,1.244,1.817,24.143,14.998,3.46,1.315,0.605,0.0,0,0.05
9,8.25,165,cruise,14.82,13.78,24.956,20.78,4.176,1.04,1.811,23.518,14.998,2.738,1.218,0.506,0.0,0,0.1
9,8.3,166,cruise,14.734,13.874,25.044,20.874,4.17,0.86,1.805,25.044,14.734,4.17,0.86,0.685,0.0,1,0.0
9,8.35,167,cruise,14.702,13.916,25.129,20.916,4.212,0.785,1.806,25.129,14.702,4.212,0.785,0.688,0.0,1,0.0
9,8.4,168,cruise,14.724,13.982,25.21,20.982,4.228,0.742,1.803,25.21,14.724,4.228,0.742,0.688,0.0,1,0.0
9,8.45,169,cruise,14.789,14.008,25.289,21.008,4.281,0.781,1.805,25.289,14.789,4.281,0.781,0.697,0.0,1,0.0
9,8.5,170,cruise,14.878,14.096,25.367,21.096,4.272,0.782,1.8,25.367,14.878,4.272,0.782,0.696,0.0,1,0.0
9,8.55,171,cruise,14.969,14.207,25.447,21.207,4.24,0.761,1.791,25.447,14.969,4.24,0.761,0.691,0.0,1,0.0
9,8.6,172,cruise,15.011,14.281,25.525,21.281,4.244,0.73,1.787,25.525,15.011,4.244,0.73,0.69,0.0,1,0.0
9,8.65,173,cruise,14.97,14.368,25.596,21.368,4.229,0.602,1.782,25.596,14.97,4.229,0.602,0.684,0.0,1,0.0
9,8.7,174,cruise,14.883,14.407,25.658,21.407,4.251,0.476,1.781,25.658,14.883,4.251,0.476,0.683,0.0,1,0.0
9,8.75,175,cruise,14.786,14.501,25.708,21.501,4.207,0.285,1.773,25.708,14.786,4.207,0.285,0.67,0.0,1,0.0
9,8.8,176,cruise,14.722,14.543,25.747,21.543,4.204,0.179,1.77,25.747,14.722,4.204,0.179,0.667,0.0,1,0.0
9,8.85,177,cruise,14.721,14.634,25.778,21.634,4.144,0.086,1.761,25.778,14.721,4.144,0.086,0.655,0.0,1,0.0
9,8.9,178,cruise,14.767,14.744,25.805,21.744,4.061,0.023,1.75,25.805,14.767,4.061,0.023,0.642,0.0,1,0.0
9,8.95,179,cruise,14.845,14.811,25.828,21.811,4.018,0.034,1.744,25.09,14.767,3.28,-0.043,0.536,0.0,0,0.05
9,9.0,180,cruise,14.932,14.875,25.85,21.875,3.975,0.057,1.738,25.85,14.932,3.975,0.057,0.632,0.0,1,0.0
9,9.05,181,cruise,14.99,14.881,25.87,21.881,3.988,0.108,1.738,25.87,14.99,3.988,0.108,0.635,0.0,1,0.0
9,9.1,182,cruise,14.982,14.944,25.886,21.944,3.941,0.037,1.732,25.886,14.982,3.941,0.037,0.627,0.0,1,0.0
9,9.15,183,cruise,14.914,15.028,25.894,22.028,3.866,-0.114,1.723,25.894,14.914,3.866,-0.114,0.612,0.0,1,0.0
9,9.2,184,cruise,14.822,15.08,25.894,22.08,3.814,-0.258,1.717,25.152,14.914,3.072,-0.166,0.504,0.0,0,0.05
9,9.25,185,cruise,14.75,15.143,25.884,22.143,3.741,-0.393,1.709,24.404,14.914,2.261,-0.229,0.394,0.0,0,0.1
9,9.3,186,cruise,14.732,15.142,25.869,22.142,3.727,-0.41,1.708,25.869,14.732,3.727,-0.41,0.583,0.0,1,0.0
9,9.35,187,cruise,14.767,15.164,25.854,22.164,3.689,-0.397,1.705,25.854,14.767,3.689,-0.397,0.579,0.0,1,0.0
9,9.4,188,cruise,14.839,15.2,25.839,22.2,3.639,-0.361,1.7,25.839,14.839,3.639,-0.361,0.573,0.0,1,0.0
9,9.45,189,cruise,14.922,15.219,25.826,22.219,3.607,-0.297,1.697,25.826,14.922,3.607,-0.297,0.571,0.0,1,0.0
9,9.5,190,cruise,14.982,15.264,25.815,22.264,3.55,-0.282,1.691,25.067,14.922,2.803,-0.342,0.462,0.0,0,0.05
9,9.55,191,cruise,14.98,15.285,25.802,22.285,3.517,-0.306,1.688,25.802,14.98,3.517,-0.306,0.559,0.0,1,0.0
9,9.6,192,cruise,14.919,15.317,25.785,22.317,3.468,-0.399,1.683,25.785,14.919,3.468,-0.399,0.549,0.0,1,0.0
9,9.65,193,cruise,14.831,15.352,25.763,22.352,3.411,-0.521,1.678,25.763,14.831,3.411,-0.521,0.537,0.0,1,0.0
9,9.7,194,cruise,14.76,15.373,25.735,22.373,3.362,-0.613,1.674,25.735,14.76,3.362,-0.613,0.528,0.0,1,0.0
9,9.75,195,cruise,14.741,15.408,25.703,22.408,3.296,-0.667,1.668,25.703,14.741,3.296,-0.667,0.517,0.0,1,0.0
9,9.8,196,cruise,14.776,15.434,25.671,22.434,3.237,-0.658,1.663,25.671,14.776,3.237,-0.658,0.51,0.0,1,0.0
9,9.85,197,cruise,14.846,15.462,25.639,22.462,3.177,-0.616,1.658,25.639,14.846,3.177,-0.616,0.503,0.0,1,0.0
9,9.9,198,cruise,14.928,15.487,25.611,22.487,3.124,-0.559,1.654,25.611,14.928,3.124,-0.559,0.498,0.0,1,0.0
9,9.95,199,cruise,14.982,15.502,25.585,22.502,3.083,-0.52,1.65,25.585,14.982,3.083,-0.52,0.494,0.0,1,0.0
9,10.0,200,cruise,14.973,15.521,25.559,22.521,3.038,-0.548,1.647,25.559,14.973,3.038,-0.548,0.487,0.0,1,0.0
9,10.05,201,cruise,14.91,15.537,25.529,22.537,2.992,-0.627,1.643,24.782,14.973,2.246,-0.564,0.381,0.0,0,0.05
9,10.1,202,cruise,14.825,15.538,25.495,22.538,2.958,-0.713,1.641,24.006,14.973,1.468,-0.565,0.277,0.0,0,0.1
9,10.15,203,cruise,14.759,15.518,25.458,22.518,2.94,-0.759,1.641,25.458,14.759,2.94,-0.759,0.467,0.0,1,0.0
9,10.2,204,cruise,14.748,15.483,25.421,22.483,2.938,-0.735,1.642,25.421,14.748,2.938,-0.735,0.467,0.0,1,0.0
9,10.25,205,cruise,14.789,15.46,25.386,22.46,2.926,-0.672,1.642,25.386,14.789,2.926,-0.672,0.468,0.0,1,0.0
9,10.3,206,cruise,14.863,15.446,25.355,22.446,2.91,-0.583,1.642,25.355,14.863,2.91,-0.583,0.469,0.0,1,0.0
9,10.35,207,cruise,14.944,15.435,25.329,22.435,2.895,-0.49,1.641,25.329,14.944,2.895,-0.49,0.47,0.0,1,0.0
9,10.4,208,cruise,14.989,15.429,25.306,22.429,2.877,-0.44,1.64,25.306,14.989,2.877,-0.44,0.469,0.0,1,0.0
9,10.45,209,cruise,14.967,15.426,25.284,22.426,2.859,-0.459,1.639,25.284,14.967,2.859,-0.459,0.466,0.0,1,0.0
9,10.5,210,cruise,14.894,15.424,25.259,22.424,2.836,-0.529,1.638,25.259,14.894,2.836,-0.529,0.46,0.0,1,0.0
9,10.55,211,cruise,14.807,15.422,25.23,22.422,2.808,-0.615,1.636,24.488,14.894,2.066,-0.528,0.358,0.0,0,0.05
9,10.6,212,cruise,14.748,15.411,25.198,22.411,2.787,-0.663,1.635,25.198,14.748,2.787,-0.663,0.449,0.0,1,0.0
9,10.65,213,cruise,14.746,15.393,25.165,22.393,2.772,-0.646,1.635,24.428,14.748,2.035,-0.645,0.35,0.0,0,0.05
9,10.7,214,cruise,14.793,15.37,25.134,22.37,2.764,-0.577,1.635,25.134,14.793,2.764,-0.577,0.449,0.0,1,0.0
9,10.75,215,cruise,14.872,15.344,25.109,22.344,2.765,-0.472,1.636,24.367,14.793,2.023,-0.55,0.351,0.0,0,0.05
9,10.8,216,cruise,14.955,15.316,25.089,22.316,2.773,-0.361,1.638,25.089,14.955,2.773,-0.361,0.458,0.0,1,0.0
9,10.85,217,cruise,14.996,15.287,25.073,22.287,2.786,-0.291,1.64,25.073,14.996,2.786,-0.291,0.462,0.0,1,0.0
9,10.9,218,cruise,14.966,15.268,25.059,22.268,2.791,-0.302,1.641,25.059,14.966,2.791,-0.302,0.462,0.0,1,0.0
9,10.95,219,cruise,14.886,15.255,25.042,22.255,2.787,-0.369,1.642,25.042,14.886,2.787,-0.369,0.459,0.0,1,0.0
9,11.0,220,cruise,14.795,15.245,25.021,22.245,2.776,-0.45,1.641,24.279,14.886,2.034,-0.359,0.359,0.0,0,0.05
9,11.05,221,cruise,14.736,15.23,24.996,22.23,2.766,-0.494,1.641,24.996,14.736,2.766,-0.494,0.452,0.0,1,0.0
9,11.1,222,cruise,14.738,15.21,24.972,22.21,2.762,-0.472,1.642,24.972,14.738,2.762,-0.472,0.453,0.0,1,0.0
9,11.15,223,cruise,14.787,15.195,24.95,22.195,2.755,-0.408,1.642,24.95,14.787,2.755,-0.408,0.454,0.0,1,0.0
9,11.2,224,cruise,14.867,15.184,24.933,22.184,2.749,-0.317,1.642,24.191,14.787,2.007,-0.397,0.354,0.0,0,0.05
9,11.25,225,cruise,14.952,15.167,24.92,22.167,2.753,-0.216,1.643,24.92,14.952,2.753,-0.216,0.46,0.0,1,0.0
9,11.3,226,cruise,14.996,15.146,24.912,22.146,2.766,-0.15,1.645,24.912,14.996,2.766,-0.15,0.464,0.0,1,0.0
9,11.35,227,cruise,14.97,15.132,24.904,22.132,2.772,-0.162,1.646,24.155,14.996,2.023,-0.136,0.365,0.0,0,0.05
9,11.4,228,cruise,14.892,15.115,24.894,22.115,2.779,-0.223,1.647,24.894,14.892,2.779,-0.223,0.463,0.0,1,0.0
9,11.45,229,cruise,14.8,15.095,24.881,22.095,2.786,-0.295,1.648,24.881,14.8,2.786,-0.295,0.462,0.0,1,0.0
9,11.5,230,cruise,14.738,15.082,24.864,22.082,2.782,-0.345,1.649,24.864,14.738,2.782,-0.345,0.459,0.0,1,0.0
9,11.55,231,cruise,14.735,15.074,24.847,22.074,2.773,-0.338,1.648,24.11,14.738,2.037,-0.336,0.36,0.0,0,0.05
9,11.6,232,cruise,14.782,15.06,24.832,22.06,2.772,-0.278,1.649,23.357,14.738,1.297,-0.322,0.262,0.0,0,0.1
9,11.65,233,cruise,14.86,15.026,24.821,22.026,2.795,-0.167,1.652,24.821,14.86,2.795,-0.167,0.467,0.0,1,0.0
9,11.7,234,cruise,14.944,14.983,24.817,21.983,2.834,-0.039,1.656,24.817,14.944,2.834,-0.039,0.477,0.0,1,0.0
9,11.75,235,cruise,14.992,14.955,24.817,21.955,2.862,0.037,1.659,24.068,14.944,2.113,-0.011,0.381,0.0,0,0.05
9,11.8,236,cruise,14.972,14.933,24.82,21.933,2.887,0.039,1.662,24.82,14.972,2.887,0.039,0.486,0.0,1,0.0
9,11.85,237,cruise,14.898,14.912,24.82,21.912,2.908,-0.014,1.664,24.074,14.972,2.161,0.06,0.39,0.0,0,0.05
9,11.9,238,cruise,14.808,14.896,24.817,21.896,2.921,-0.088,1.666,24.817,14.808,2.921,-0.088,0.487,0.0,1,0.0
9,11.95,239,cruise,14.744,14.88,24.811,21.88,2.93,-0.136,1.667,24.811,14.744,2.93,-0.136,0.486,0.0,1,0.0
9,12.0,240,cruise,14.738,14.875,24.804,21.875,2.929,-0.136,1.668,24.067,14.744,2.192,-0.131,0.388,0.0,0,0.05
9,12.05,241,cruise,14.782,14.868,24.798,21.868,2.931,-0.085,1.668,24.798,14.782,2.931,-0.085,0.488,0.0,1,0.0
9,12.1,242,cruise,14.859,14.858,24.797,21.858,2.939,0.001,1.669,24.797,14.859,2.939,0.001,0.492,0.0,1,0.0
9,12.15,243,cruise,14.942,14.857,24.799,21.857,2.943,0.086,1.669,24.054,14.859,2.197,0.002,0.393,0.0,0,0.05
9,12.2,244,cruise,14.99,14.853,24.806,21.853,2.952,0.137,1.67,23.311,14.859,1.458,0.006,0.295,0.0,0,0.1
9,12.25,245,cruise,14.971,14.832,24.813,21.832,2.981,0.139,1.673,24.813,14.971,2.981,0.139,0.502,0.0,1,0.0
9,12.3,246,cruise,14.899,14.802,24.818,21.802,3.017,0.097,1.677,24.818,14.899,3.017,0.097,0.505,0.0,1,0.0
9,12.35,247,cruise,14.81,14.788,24.821,21.788,3.033,0.021,1.678,24.079,14.899,2.29,0.11,0.409,0.0,0,0.05
9,12.4,248,cruise,14.747,14.78,24.82,21.78,3.041,-0.033,1.679,23.34,14.899,1.56,0.119,0.312,0.0,0,0.1
9,12.45,249,cruise,14.741,14.758,24.819,21.758,3.061,-0.016,1.682,24.819,14.741,3.061,-0.016,0.508,0.0,1,0.0
9,12.5,250,cruise,14.786,14.73,24.82,21.73,3.09,0.055,1.685,24.82,14.786,3.09,0.055,0.514,0.0,1,0.0
9,12.55,251,cruise,14.862,14.72,24.825,21.72,3.105,0.142,1.687,24.825,14.862,3.105,0.142,0.519,0.0,1,0.0
9,12.6,252,cruise,14.946,14.723,24.835,21.723,3.112,0.223,1.687,24.835,14.946,3.112,0.223,0.522,0.0,1,0.0
9,12.65,253,cruise,14.992,14.735,24.848,21.735,3.113,0.257,1.686,24.099,14.946,2.364,0.211,0.422,0.0,0,0.05
9,12.7,254,cruise,14.969,14.744,24.86,21.744,3.115,0.225,1.686,24.86,14.969,3.115,0.225,0.523,0.0,1,0.0
9,12.75,255,cruise,14.895,14.752,24.869,21.752,3.117,0.143,1.686,24.869,14.895,3.117,0.143,0.52,0.0,1,0.0
9,12.8,256,cruise,14.806,14.767,24.873,21.767,3.106,0.039,1.684,24.873,14.806,3.106,0.039,0.515,0.0,1,0.0
9,12.85,257,cruise,14.744,14.786,24.872,21.786,3.086,-0.041,1.682,24.872,14.744,3.086,-0.041,0.51,0.0,1,0.0
9,12.9,258,cruise,14.742,14.807,24.869,21.807,3.062,-0.065,1.68,24.869,14.742,3.062,-0.065,0.506,0.0,1,0.0
9,12.95,259,cruise,14.787,14.828,24.866,21.828,3.038,-0.041,1.677,24.866,14.787,3.038,-0.041,0.504,0.0,1,0.0
9,13.0,260,cruise,14.865,14.849,24.866,21.849,3.016,0.016,1.675,24.866,14.865,3.016,0.016,0.503,0.0,1,0.0
9,13.05,261,cruise,14.949,14.87,24.869,21.87,2.999,0.079,1.672,24.123,14.865,2.253,-0.005,0.4,0.0,0,0.05
9,13.1,262,cruise,14.993,14.882,24.874,21.882,2.992,0.112,1.671,24.874,14.993,2.992,0.112,0.503,0.0,1,0.0
9,13.15,263,cruise,14.969,14.887,24.879,21.887,2.992,0.082,1.671,24.129,14.993,2.243,0.107,0.403,0.0,0,0.05
9,13.2,264,cruise,14.893,14.888,24.88,21.888,2.992,0.004,1.671,23.385,14.993,1.497,0.105,0.303,0.0,0,0.1
9,13.25,265,cruise,14.802,14.872,24.878,21.872,3.006,-0.07,1.673,24.878,14.802,3.006,-0.07,0.499,0.0,1,0.0
9,13.3,266,cruise,14.741,14.846,24.874,21.846,3.027,-0.105,1.675,24.874,14.741,3.027,-0.105,0.5,0.0,1,0.0
9,13.35,267,cruise,14.739,14.835,24.868,21.835,3.034,-0.095,1.676,24.868,14.739,3.034,-0.095,0.501,0.0,1,0.0
9,13.4,268,cruise,14.786,14.834,24.865,21.834,3.031,-0.048,1.676,24.127,14.739,2.293,-0.095,0.403,0.0,0,0.05
9,13.45,269,cruise,14.864,14.833,24.865,21.833,3.032,0.031,1.676,24.865,14.864,3.032,0.031,0.505,0.0,1,0.0
9,13.5,270,cruise,14.948,14.829,24.869,21.829,3.04,0.119,1.677,24.869,14.948,3.04,0.119,0.509,0.0,1,0.0
9,13.55,271,cruise,14.994,14.835,24.877,21.835,3.042,0.159,1.677,24.877,14.994,3.042,0.159,0.511,0.0,1,0.0
9,13.6,272,cruise,14.97,14.847,24.884,21.847,3.037,0.123,1.676,24.884,14.97,3.037,0.123,0.509,0.0,1,0.0
9,13.65,273,cruise,14.894,14.862,24.887,21.862,3.025,0.032,1.675,24.887,14.894,3.025,0.032,0.504,0.0,1,0.0
9,13.7,274,cruise,14.803,14.88,24.886,21.88,3.006,-0.077,1.672,24.886,14.803,3.006,-0.077,0.498,0.0,1,0.0
9,13.75,275,cruise,14.741,14.898,24.879,21.898,2.981,-0.157,1.67,24.879,14.741,2.981,-0.157,0.492,0.0,1,0.0
9,13.8,276,cruise,14.739,14.915,24.87,21.915,2.955,-0.177,1.667,24.87,14.739,2.955,-0.177,0.488,0.0,1,0.0
9,13.85,277,cruise,14.784,14.931,24.862,21.931,2.931,-0.147,1.665,24.862,14.784,2.931,-0.147,0.486,0.0,1,0.0
9,13.9,278,cruise,14.862,14.946,24.857,21.946,2.911,-0.084,1.663,24.857,14.862,2.911,-0.084,0.485,0.0,1,0.0
9,13.95,279,cruise,14.946,14.959,24.855,21.959,2.896,-0.013,1.662,24.855,14.946,2.896,-0.013,0.486,0.0,1,0.0
9,14.0,280,cruise,14.993,14.971,24.856,21.971,2.884,0.021,1.66,24.856,14.993,2.884,0.021,0.485,0.0,1,0.0
9,14.05,281,cruise,14.97,14.983,24.856,21.983,2.872,-0.013,1.659,24.856,14.97,2.872,-0.013,0.483,0.0,1,0.0
9,14.1,282,cruise,14.896,14.995,24.853,21.995,2.858,-0.099,1.657,24.106,14.97,2.112,-0.024,0.381,0.0,0,0.05
9,14.15,283,cruise,14.805,14.997,24.845,21.997,2.848,-0.192,1.657,23.357,14.97,1.359,-0.027,0.28,0.0,0,0.1
9,14.2,284,cruise,14.743,14.977,24.834,21.977,2.856,-0.235,1.658,24.834,14.743,2.856,-0.235,0.473,0.0,1,0.0
9,14.25,285,cruise,14.739,14.945,24.823,21.945,2.877,-0.206,1.661,24.823,14.739,2.877,-0.206,0.477,0.0,1,0.0
9,14.3,286,cruise,14.784,14.926,24.814,21.926,2.888,-0.142,1.662,24.814,14.784,2.888,-0.142,0.48,0.0,1,0.0
9,14.35,287,cruise,14.862,14.917,24.81,21.917,2.893,-0.055,1.663,24.81,14.862,2.893,-0.055,0.484,0.0,1,0.0
9,14.4,288,cruise,14.946,14.914,24.81,21.914,2.896,0.032,1.664,24.064,14.862,2.15,-0.052,0.385,0.0,0,0.05
9,14.45,289,cruise,14.992,14.908,24.813,21.908,2.905,0.084,1.664,24.813,14.992,2.905,0.084,0.49,0.0,1,0.0
9,14.5,290,cruise,14.97,14.899,24.817,21.899,2.918,0.071,1.666,24.068,14.992,2.169,0.093,0.392,0.0,0,0.05
9,14.55,291,cruise,14.896,14.89,24.819,21.89,2.928,0.006,1.667,24.819,14.896,2.928,0.006,0.491,0.0,1,0.0
9,14.6,292,cruise,14.806,14.88,24.817,21.88,2.936,-0.074,1.668,24.817,14.806,2.936,-0.074,0.489,0.0,1,0.0
9,14.65,293,cruise,14.744,14.879,24.811,21.879,2.932,-0.135,1.668,24.811,14.744,2.932,-0.135,0.486,0.0,1,0.0
9,14.7,294,cruise,14.74,14.882,24.804,21.882,2.921,-0.142,1.667,24.067,14.744,2.184,-0.139,0.387,0.0,0,0.05
9,14.75,295,cruise,14.785,14.881,24.798,21.881,2.917,-0.095,1.666,23.323,14.744,1.442,-0.137,0.288,0.0,0,0.1
9,14.8,296,cruise,14.863,14.86,24.796,21.86,2.936,0.003,1.669,22.579,14.744,0.719,-0.116,0.192,0.0,0,0.15
9,14.85,297,cruise,14.946,14.811,24.8,21.811,2.988,0.135,1.674,24.8,14.946,2.988,0.135,0.503,0.0,1,0.0
9,14.9,298,cruise,14.992,14.749,24.81,21.749,3.061,0.243,1.682,24.81,14.992,3.061,0.243,0.516,0.0,1,0.0
9,14.95,299,cruise,14.97,14.711,24.823,21.711,3.112,0.259,1.687,24.823,14.97,3.112,0.259,0.524,0.0,1,0.0
9,15.0,300,cruise,14.895,14.697,24.835,21.697,3.138,0.198,1.69,24.835,14.895,3.138,0.198,0.525,0.0,1,0.0
9,15.05,301,cruise,14.805,14.698,24.842,21.698,3.144,0.107,1.69,24.842,14.805,3.144,0.107,0.523,0.0,1,0.0
9,15.1,302,cruise,14.743,14.71,24.845,21.71,3.135,0.033,1.689,24.845,14.743,3.135,0.033,0.519,0.0,1,0.0
9,15.15,303,cruise,14.74,14.727,24.845,21.727,3.118,0.013,1.687,24.845,14.74,3.118,0.013,0.516,0.0,1,0.0
9,15.2,304,cruise,14.786,14.748,24.847,21.748,3.098,0.037,1.685,24.108,14.74,2.36,-0.008,0.414,0.0,0,0.05
9,15.25,305,cruise,14.863,14.763,24.85,21.763,3.087,0.1,1.683,23.37,14.74,1.608,-0.023,0.314,0.0,0,0.1
9,15.3,306,cruise,14.947,14.757,24.858,21.757,3.101,0.191,1.685,22.632,14.74,0.876,-0.017,0.216,0.0,0,0.15
9,15.35,307,cruise,14.993,14.722,24.87,21.722,3.148,0.271,1.689,24.87,14.993,3.148,0.271,0.529,0.0,1,0.0
9,15.4,308,cruise,14.97,14.672,24.885,21.672,3.213,0.298,1.696,24.885,14.97,3.213,0.298,0.538,0.0,1,0.0
9,15.45,309,cruise,14.894,14.645,24.899,21.645,3.253,0.249,1.7,24.152,14.97,2.507,0.324,0.445,0.0,0,0.05
9,15.5,310,cruise,14.804,14.634,24.909,21.634,3.274,0.17,1.702,23.42,14.97,1.786,0.335,0.349,0.0,0,0.1
9,15.55,311,cruise,14.742,14.617,24.915,21.617,3.298,0.125,1.705,24.915,14.742,3.298,0.125,0.544,0.0,1,0.0
9,15.6,312,cruise,14.74,14.599,24.922,21.599,3.323,0.141,1.707,24.185,14.742,2.586,0.143,0.45,0.0,0,0.05
9,15.65,313,cruise,14.785,14.593,24.93,21.593,3.338,0.193,1.708,24.93,14.785,3.338,0.193,0.551,0.0,1,0.0
9,15.7,314,cruise,14.863,14.594,24.942,21.594,3.348,0.269,1.709,24.942,14.863,3.348,0.269,0.555,0.0,1,0.0
9,15.75,315,cruise,14.947,14.611,24.958,21.611,3.347,0.336,1.708,24.958,14.947,3.347,0.336,0.557,0.0,1,0.0
9,15.8,316,cruise,14.993,14.638,24.976,21.638,3.338,0.355,1.706,24.976,14.993,3.338,0.355,0.557,0.0,1,0.0
9,15.85,317,cruise,14.97,14.671,24.992,21.671,3.321,0.298,1.703,24.243,14.993,2.571,0.322,0.454,0.0,0,0.05
9,15.9,318,cruise,14.895,14.701,25.004,21.701,3.303,0.194,1.701,23.508,14.993,1.808,0.292,0.351,0.0,0,0.1
9,15.95,319,cruise,14.804,14.71,25.01,21.71,3.3,0.094,1.7,25.01,14.804,3.3,0.094,0.543,0.0,1,0.0
9,16.0,320,cruise,14.742,14.709,25.013,21.709,3.304,0.034,1.701,24.275,14.804,2.566,0.096,0.445,0.0,0,0.05
9,16.05,321,cruise,14.739,14.713,25.014,21.713,3.302,0.027,1.7,25.014,14.739,3.302,0.027,0.541,0.0,1,0.0
9,16.1,322,cruise,14.785,14.72,25.017,21.72,3.297,0.065,1.7,25.017,14.785,3.297,0.065,0.542,0.0,1,0.0
9,16.15,323,cruise,14.863,14.738,25.022,21.738,3.284,0.125,1.698,25.022,14.863,3.284,0.125,0.542,0.0,1,0.0
9,16.2,324,cruise,14.947,14.763,25.03,21.763,3.267,0.184,1.695,24.284,14.863,2.521,0.1,0.44,0.0,0,0.05
9,16.25,325,cruise,14.993,14.784,25.04,21.784,3.256,0.209,1.694,25.04,14.993,3.256,0.209,0.541,0.0,1,0.0
9,16.3,326,cruise,14.97,14.802,25.05,21.802,3.248,0.168,1.692,25.05,14.97,3.248,0.168,0.539,0.0,1,0.0
9,16.35,327,cruise,14.895,14.826,25.055,21.826,3.229,0.069,1.69,25.055,14.895,3.229,0.069,0.533,0.0,1,0.0
9,16.4,328,cruise,14.805,14.854,25.055,21.854,3.201,-0.049,1.687,24.313,14.895,2.459,0.041,0.429,0.0,0,0.05
9,16.45,329,cruise,14.743,14.876,25.05,21.876,3.174,-0.133,1.684,23.57,14.895,1.694,0.02,0.327,0.0,0,0.1
9,16.5,330,cruise,14.74,14.876,25.043,21.876,3.167,-0.136,1.683,25.043,14.74,3.167,-0.136,0.518,0.0,1,0.0
9,16.55,331,cruise,14.786,14.864,25.037,21.864,3.173,-0.078,1.684,24.299,14.74,2.435,-0.125,0.42,0.0,0,0.05
9,16.6,332,cruise,14.864,14.857,25.036,21.857,3.178,0.006,1.685,25.036,14.864,3.178,0.006,0.524,0.0,1,0.0
9,16.65,333,cruise,14.948,14.853,25.039,21.853,3.185,0.095,1.686,25.039,14.948,3.185,0.095,0.528,0.0,1,0.0
9,16.7,334,cruise,14.994,14.862,25.045,21.862,3.183,0.132,1.685,24.296,14.948,2.434,0.087,0.427,0.0,0,0.05
9,16.75,335,cruise,14.969,14.87,25.051,21.87,3.181,0.1,1.685,23.553,14.948,1.683,0.079,0.327,0.0,0,0.1
9,16.8,336,cruise,14.893,14.861,25.054,21.861,3.193,0.032,1.686,25.054,14.893,3.193,0.032,0.527,0.0,1,0.0
9,16.85,337,cruise,14.803,14.844,25.054,21.844,3.209,-0.042,1.688,25.054,14.803,3.209,-0.042,0.526,0.0,1,0.0
9,16.9,338,cruise,14.741,14.843,25.05,21.843,3.206,-0.102,1.688,25.05,14.741,3.206,-0.102,0.524,0.0,1,0.0
9,16.95,339,cruise,14.739,14.853,25.044,21.853,3.191,-0.114,1.686,25.044,14.739,3.191,-0.114,0.522,0.0,1,0.0
9,17.0,340,cruise,14.785,14.87,25.039,21.87,3.169,-0.085,1.684,25.039,14.785,3.169,-0.085,0.52,0.0,1,0.0
9,17.05,341,cruise,14.863,14.89,25.036,21.89,3.146,-0.027,1.681,24.295,14.785,2.405,-0.105,0.417,0.0,0,0.05
9,17.1,342,cruise,14.947,14.905,25.037,21.905,3.133,0.042,1.68,25.037,14.947,3.133,0.042,0.519,0.0,1,0.0
9,17.15,343,cruise,14.993,14.914,25.041,21.914,3.127,0.079,1.679,25.041,14.993,3.127,0.079,0.52,0.0,1,0.0
9,17.2,344,cruise,14.97,14.929,25.044,21.929,3.115,0.041,1.677,25.044,14.97,3.115,0.041,0.517,0.0,1,0.0
9,17.25,345,cruise,14.895,14.949,25.043,21.949,3.094,-0.054,1.675,25.043,14.895,3.094,-0.054,0.511,0.0,1,0.0
9,17.3,346,cruise,14.804,14.97,25.037,21.97,3.067,-0.165,1.673,24.295,14.895,2.325,-0.075,0.408,0.0,0,0.05
9,17.35,347,cruise,14.742,14.983,25.026,21.983,3.043,-0.241,1.67,25.026,14.742,3.043,-0.241,0.498,0.0,1,0.0
9,17.4,348,cruise,14.739,14.989,25.014,21.989,3.025,-0.25,1.669,24.277,14.742,2.288,-0.247,0.397,0.0,0,0.05
9,17.45,349,cruise,14.784,14.991,25.002,21.991,3.012,-0.206,1.668,25.002,14.784,3.012,-0.206,0.495,0.0,1,0.0
9,17.5,350,cruise,14.862,14.988,24.994,21.988,3.007,-0.126,1.668,24.994,14.862,3.007,-0.126,0.497,0.0,1,0.0
9,17.55,351,cruise,14.946,14.992,24.991,21.992,2.999,-0.046,1.667,24.245,14.862,2.253,-0.13,0.396,0.0,0,0.05
9,17.6,352,cruise,14.992,14.992,24.99,21.992,2.998,0.001,1.667,24.99,14.992,2.998,0.001,0.5,0.0,1,0.0
9,17.65,353,cruise,14.97,14.988,24.99,21.988,3.002,-0.018,1.667,24.241,14.992,2.253,0.004,0.401,0.0,0,0.05
9,17.7,354,cruise,14.896,14.984,24.987,21.984,3.003,-0.088,1.668,23.491,14.992,1.508,0.008,0.301,0.0,0,0.1
9,17.75,355,cruise,14.806,14.963,24.98,21.963,3.017,-0.157,1.669,24.98,14.806,3.017,-0.157,0.497,0.0,1,0.0
9,17.8,356,cruise,14.744,14.934,24.971,21.934,3.037,-0.19,1.672,24.971,14.744,3.037,-0.19,0.499,0.0,1,0.0
9,17.85,357,cruise,14.74,14.92,24.962,21.92,3.042,-0.18,1.673,24.962,14.74,3.042,-0.18,0.5,0.0,1,0.0
9,17.9,358,cruise,14.785,14.917,24.954,21.917,3.037,-0.132,1.673,24.216,14.74,2.298,-0.177,0.401,0.0,0,0.05
9,17.95,359,cruise,14.863,14.914,24.95,21.914,3.036,-0.051,1.673,23.47,14.74,1.556,-0.174,0.302,0.0,0,0.1
9,18.0,360,cruise,14.946,14.894,24.95,21.894,3.056,0.052,1.675,24.95,14.946,3.056,0.052,0.509,0.0,1,0.0
9,18.05,361,cruise,14.992,14.866,24.956,21.866,3.09,0.127,1.679,24.956,14.992,3.09,0.127,0.516,0.0,1,0.0
9,18.1,362,cruise,14.97,14.855,24.962,21.855,3.107,0.115,1.68,24.962,14.97,3.107,0.115,0.518,0.0,1,0.0
9,18.15,363,cruise,14.895,14.857,24.965,21.857,3.109,0.038,1.68,24.219,14.97,2.362,0.113,0.419,0.0,0,0.05
9,18.2,364,cruise,14.805,14.86,24.964,21.86,3.105,-0.055,1.68,24.964,14.805,3.105,-0.055,0.512,0.0,1,0.0
9,18.25,365,cruise,14.743,14.862,24.96,21.862,3.097,-0.119,1.679,24.96,14.743,3.097,-0.119,0.509,0.0,1,0.0
9,18.3,366,cruise,14.74,14.872,24.953,21.872,3.082,-0.132,1.678,24.953,14.74,3.082,-0.132,0.506,0.0,1,0.0
9,18.35,367,cruise,14.786,14.886,24.948,21.886,3.062,-0.1,1.676,24.948,14.786,3.062,-0.1,0.505,0.0,1,0.0
9,18.4,368,cruise,14.863,14.902,24.945,21.902,3.043,-0.039,1.674,24.203,14.786,2.301,-0.116,0.403,0.0,0,0.05
9,18.45,369,cruise,14.947,14.911,24.945,21.911,3.034,0.036,1.673,23.457,14.786,1.546,-0.125,0.302,0.0,0,0.1
9,18.5,370,cruise,14.993,14.899,24.948,21.899,3.049,0.094,1.674,24.948,14.993,3.049,0.094,0.51,0.0,1,0.0
9,18.55,371,cruise,14.97,14.876,24.953,21.876,3.077,0.094,1.677,24.953,14.97,3.077,0.094,0.513,0.0,1,0.0
9,18.6,372,cruise,14.894,14.868,24.956,21.868,3.088,0.026,1.678,24.956,14.894,3.088,0.026,0.513,0.0,1,0.0
9,18.65,373,cruise,14.804,14.872,24.954,21.872,3.083,-0.067,1.678,24.212,14.894,2.341,0.023,0.413,0.0,0,0.05
9,18.7,374,cruise,14.742,14.874,24.949,21.874,3.074,-0.132,1.677,24.949,14.742,3.074,-0.132,0.506,0.0,1,0.0
9,18.75,375,cruise,14.74,14.875,24.942,21.875,3.067,-0.135,1.677,24.205,14.742,2.33,-0.132,0.406,0.0,0,0.05
9,18.8,376,cruise,14.785,14.874,24.936,21.874,3.062,-0.089,1.676,24.936,14.785,3.062,-0.089,0.505,0.0,1,0.0
9,18.85,377,cruise,14.863,14.872,24.934,21.872,3.062,-0.009,1.677,24.934,14.863,3.062,-0.009,0.508,0.0,1,0.0
9,18.9,378,cruise,14.947,14.878,24.936,21.878,3.058,0.069,1.676,24.19,14.863,2.313,-0.015,0.408,0.0,0,0.05
9,18.95,379,cruise,14.993,14.881,24.941,21.881,3.06,0.112,1.676,23.446,14.863,1.565,-0.018,0.308,0.0,0,0.1
9,19.0,380,cruise,14.97,14.867,24.947,21.867,3.08,0.103,1.678,22.703,14.863,0.836,-0.004,0.211,0.0,0,0.15
9,19.05,381,cruise,14.895,14.826,24.951,21.826,3.125,0.069,1.683,21.96,14.863,0.135,0.038,0.119,0.0,0,0.2
9,19.1,382,cruise,14.804,14.753,24.954,21.753,3.2,0.051,1.691,24.954,14.804,3.2,0.051,0.528,0.0,1,0.0
9,19.15,383,cruise,14.742,14.665,24.957,21.665,3.292,0.077,1.702,24.219,14.804,2.553,0.139,0.445,0.0,0,0.05
9,19.2,384,cruise,14.739,14.6,24.962,21.6,3.362,0.139,1.71,23.488,14.804,1.888,0.204,0.358,0.0,0,0.1
9,19.25,385,cruise,14.785,14.55,24.972,21.55,3.423,0.236,1.716,24.972,14.785,3.423,0.236,0.564,0.0,1,0.0
9,19.3,386,cruise,14.863,14.512,24.987,21.512,3.476,0.351,1.722,24.987,14.863,3.476,0.351,0.575,0.0,1,0.0
9,19.35,387,cruise,14.947,14.504,25.008,21.504,3.504,0.442,1.724,24.262,14.863,2.758,0.358,0.48,0.0,0,0.05
9,19.4,388,cruise,14.993,14.511,25.032,21.511,3.521,0.482,1.725,25.032,14.993,3.521,0.482,0.585,0.0,1,0.0
9,19.45,389,cruise,14.97,14.526,25.055,21.526,3.529,0.444,1.725,25.055,14.97,3.529,0.444,0.585,0.0,1,0.0
9,19.5,390,cruise,14.895,14.557,25.074,21.557,3.517,0.338,1.722,24.328,14.97,2.771,0.413,0.483,0.0,0,0.05
9,19.55,391,cruise,14.805,14.59,25.087,21.59,3.498,0.215,1.72,25.087,14.805,3.498,0.215,0.574,0.0,1,0.0
9,19.6,392,cruise,14.743,14.621,25.095,21.621,3.474,0.122,1.716,25.095,14.743,3.474,0.122,0.567,0.0,1,0.0
9,19.65,393,cruise,14.74,14.66,25.099,21.66,3.44,0.08,1.712,25.099,14.74,3.44,0.08,0.561,0.0,1,0.0
9,19.7,394,cruise,14.785,14.702,25.103,21.702,3.401,0.083,1.707,25.103,14.785,3.401,0.083,0.556,0.0,1,0.0
9,19.75,395,cruise,14.863,14.746,25.108,21.746,3.363,0.117,1.703,25.108,14.863,3.363,0.117,0.552,0.0,1,0.0
9,19.8,396,cruise,14.947,14.79,25.116,21.79,3.326,0.157,1.698,24.37,14.863,2.58,0.073,0.446,0.0,0,0.05
9,19.85,397,cruise,14.993,14.824,25.124,21.824,3.3,0.168,1.695,23.629,14.863,1.805,0.038,0.342,0.0,0,0.1
9,19.9,398,cruise,14.97,14.836,25.132,21.836,3.295,0.134,1.694,22.888,14.863,1.051,0.026,0.241,0.0,0,0.15
9,19.95,399,cruise,14.895,14.816,25.137,21.816,3.32,0.079,1.697,25.137,14.895,3.32,0.079,0.545,0.0,1,0.0
9,20.0,400,cruise,14.805,14.779,25.139,21.779,3.36,0.026,1.701,25.139,14.805,3.36,0.026,0.549,0.0,1,0.0
9,20.05,401,cruise,14.743,14.764,25.139,21.764,3.374,-0.021,1.703,25.139,14.743,3.374,-0.021,0.549,0.0,1,0.0
9,20.1,402,cruise,14.74,14.769,25.137,21.769,3.368,-0.029,1.702,25.137,14.74,3.368,-0.029,0.548,0.0,1,0.0
9,20.15,403,cruise,14.785,14.787,25.136,21.787,3.35,-0.002,1.7,25.136,14.785,3.35,-0.002,0.547,0.0,1,0.0
9,20.2,404,cruise,14.863,14.813,25.138,21.813,3.325,0.05,1.697,25.138,14.863,3.325,0.05,0.545,0.0,1,0.0
9,20.25,405,cruise,14.947,14.843,25.142,21.843,3.299,0.103,1.694,25.142,14.947,3.299,0.103,0.543,0.0,1,0.0
9,20.3,406,cruise,14.987,14.877,25.148,21.877,3.271,0.11,1.69,24.399,14.947,2.522,0.07,0.439,0.0,0,0.05
9,20.35,407,cruise,14.965,14.904,25.152,21.904,3.248,0.062,1.688,25.152,14.965,3.248,0.062,0.535,0.0,1,0.0
9,20.4,408,cruise,14.894,14.924,25.152,21.924,3.229,-0.03,1.685,24.406,14.965,2.482,0.041,0.432,0.0,0,0.05
9,20.45,409,cruise,14.79,14.941,25.147,21.941,3.206,-0.151,1.683,25.147,14.79,3.206,-0.151,0.522,0.0,1,0.0
9,20.5,410,cruise,14.732,14.953,25.137,21.953,3.184,-0.221,1.681,24.4,14.79,2.446,-0.163,0.421,0.0,0,0.05
9,20.55,411,cruise,14.732,14.963,25.125,21.963,3.162,-0.231,1.679,23.652,14.79,1.689,-0.173,0.319,0.0,0,0.1
9,20.6,412,cruise,14.758,14.954,25.114,21.954,3.16,-0.196,1.679,22.904,14.79,0.949,-0.165,0.221,0.0,0,0.15
9,20.65,413,cruise,14.84,14.918,25.106,21.918,3.188,-0.078,1.683,25.106,14.84,3.188,-0.078,0.522,0.0,1,0.0
9,20.7,414,cruise,14.931,14.867,25.103,21.867,3.236,0.064,1.688,24.362,14.84,2.494,-0.027,0.432,0.0,0,0.05
9,20.75,415,cruise,14.961,14.832,25.107,21.832,3.275,0.129,1.693,23.619,14.84,1.787,0.008,0.339,0.0,0,0.1
9,20.8,416,cruise,14.902,14.798,25.11,21.798,3.312,0.104,1.697,22.879,14.84,1.081,0.042,0.246,0.0,0,0.15
9,20.85,417,cruise,14.852,14.75,25.113,21.75,3.363,0.103,1.703,22.14,14.84,0.391,0.091,0.155,0.0,0,0.2
9,20.9,418,cruise,14.82,14.679,25.117,21.679,3.438,0.141,1.711,25.117,14.82,3.438,0.141,0.563,0.0,1,0.0
9,20.95,419,cruise,14.821,14.597,25.123,21.597,3.526,0.224,1.721,25.123,14.821,3.526,0.224,0.578,0.0,1,0.0
9,21.0,420,cruise,14.827,14.547,25.13,21.547,3.583,0.28,1.727,25.13,14.827,3.583,0.28,0.587,0.0,1,0.0
9,21.05,421,cruise,14.875,14.535,25.138,21.535,3.603,0.34,1.729,25.138,14.875,3.603,0.34,0.592,0.0,1,0.0
9,21.1,422,cruise,14.926,14.549,25.148,21.549,3.599,0.377,1.729,25.148,14.926,3.599,0.377,0.592,0.0,1,0.0
9,21.15,423,cruise,14.943,14.58,25.158,21.58,3.578,0.363,1.726,24.42,14.926,2.84,0.346,0.49,0.0,0,0.05
9,21.2,424,cruise,14.921,14.614,25.166,21.614,3.552,0.307,1.722,23.691,14.926,2.077,0.313,0.387,0.0,0,0.1
9,21.25,425,cruise,14.862,14.632,25.171,21.632,3.539,0.23,1.72,22.96,14.926,1.328,0.294,0.287,0.0,0,0.15
9,21.3,426,cruise,14.814,14.624,25.174,21.624,3.55,0.19,1.721,25.174,14.814,3.55,0.19,0.58,0.0,1,0.0
9,21.35,427,cruise,14.797,14.603,25.177,21.603,3.574,0.195,1.724,25.177,14.797,3.574,0.195,0.583,0.0,1,0.0
9,21.4,428,cruise,14.814,14.604,25.181,21.604,3.577,0.211,1.724,25.181,14.814,3.577,0.211,0.584,0.0,1,0.0
9,21.45,429,cruise,14.876,14.625,25.189,21.625,3.563,0.251,1.722,25.189,14.876,3.563,0.251,0.583,0.0,1,0.0
9,21.5,430,cruise,14.912,14.66,25.199,21.66,3.539,0.253,1.719,25.199,14.912,3.539,0.253,0.58,0.0,1,0.0
9,21.55,431,cruise,14.943,14.702,25.211,21.702,3.509,0.241,1.715,25.211,14.943,3.509,0.241,0.576,0.0,1,0.0
9,21.6,432,cruise,14.932,14.749,25.221,21.749,3.472,0.183,1.71,25.221,14.932,3.472,0.183,0.569,0.0,1,0.0
9,21.65,433,cruise,14.871,14.798,25.228,21.798,3.431,0.073,1.705,25.228,14.871,3.431,0.073,0.56,0.0,1,0.0
9,21.7,434,cruise,14.821,14.847,25.232,21.847,3.385,-0.026,1.699,25.232,14.821,3.385,-0.026,0.55,0.0,1,0.0
9,21.75,435,cruise,14.8,14.894,25.231,21.894,3.338,-0.093,1.694,25.231,14.8,3.338,-0.093,0.542,0.0,1,0.0
9,21.8,436,cruise,14.803,14.938,25.23,21.938,3.291,-0.135,1.689,25.23,14.803,3.291,-0.135,0.534,0.0,1,0.0
9,21.85,437,cruise,14.863,14.98,25.228,21.98,3.249,-0.117,1.684,24.487,14.803,2.507,-0.177,0.428,0.0,0,0.05
9,21.9,438,cruise,14.917,15.01,25.229,22.01,3.219,-0.093,1.681,23.742,14.803,1.732,-0.207,0.324,0.0,0,0.1
9,21.95,439,cruise,14.956,15.015,25.231,22.015,3.216,-0.059,1.68,25.231,14.956,3.216,-0.059,0.527,0.0,1,0.0
9,22.0,440,cruise,14.946,15.001,25.234,22.001,3.233,-0.055,1.682,25.234,14.946,3.233,-0.055,0.529,0.0,1,0.0
9,22.05,441,cruise,14.883,15.005,25.235,22.005,3.23,-0.122,1.682,24.489,14.946,2.485,-0.058,0.429,0.0,0,0.05
9,22.1,442,cruise,14.821,15.01,25.232,22.01,3.222,-0.188,1.681,25.232,14.821,3.222,-0.188,0.523,0.0,1,0.0
9,22.15,443,cruise,14.786,14.994,25.227,21.994,3.232,-0.209,1.682,25.227,14.786,3.232,-0.209,0.524,0.0,1,0.0
9,22.2,444,cruise,14.789,15.008,25.22,22.008,3.212,-0.219,1.68,24.482,14.786,2.474,-0.222,0.422,0.0,0,0.05
9,22.25,445,cruise,14.846,15.018,25.214,22.018,3.195,-0.172,1.679,25.214,14.846,3.195,-0.172,0.52,0.0,1,0.0
9,22.3,446,cruise,14.915,15.005,25.21,22.005,3.205,-0.09,1.68,25.21,14.915,3.205,-0.09,0.524,0.0,1,0.0
9,22.35,447,cruise,14.964,15.023,25.21,22.023,3.187,-0.058,1.678,24.464,14.915,2.442,-0.108,0.422,0.0,0,0.05
9,22.4,448,cruise,14.961,15.036,25.21,22.036,3.174,-0.075,1.677,23.718,14.915,1.682,-0.121,0.32,0.0,0,0.1
9,22.45,449,cruise,14.905,14.997,25.206,21.997,3.209,-0.092,1.681,25.206,14.905,3.209,-0.092,0.525,0.0,1,0.0
9,22.5,450,cruise,14.833,14.919,25.2,21.919,3.281,-0.086,1.689,25.2,14.833,3.281,-0.086,0.535,0.0,1,0.0
9,22.55,451,cruise,14.779,14.905,25.19,21.905,3.285,-0.126,1.69,25.19,14.779,3.285,-0.126,0.534,0.0,1,0.0
9,22.6,452,cruise,14.772,14.916,25.178,21.916,3.262,-0.144,1.688,24.443,14.779,2.527,-0.137,0.432,0.0,0,0.05
9,22.65,453,cruise,14.816,14.927,25.168,21.927,3.241,-0.111,1.686,23.696,14.779,1.768,-0.148,0.331,0.0,0,0.1
9,22.7,454,cruise,14.885,14.895,25.163,21.895,3.268,-0.01,1.689,25.163,14.885,3.268,-0.01,0.535,0.0,1,0.0
9,22.75,455,cruise,14.952,14.876,25.164,21.876,3.287,0.076,1.692,25.164,14.952,3.287,0.076,0.541,0.0,1,0.0
9,22.8,456,cruise,14.974,14.878,25.167,21.878,3.289,0.097,1.692,25.167,14.974,3.289,0.097,0.542,0.0,1,0.0
9,22.85,457,cruise,14.937,14.888,25.171,21.888,3.283,0.049,1.691,25.171,14.937,3.283,0.049,0.539,0.0,1,0.0
9,22.9,458,cruise,14.866,14.909,25.172,21.909,3.262,-0.043,1.688,25.172,14.866,3.262,-0.043,0.534,0.0,1,0.0
9,22.95,459,cruise,14.796,14.924,25.168,21.924,3.244,-0.128,1.686,25.168,14.796,3.244,-0.128,0.528,0.0,1,0.0
9,23.0,460,cruise,14.763,14.951,25.162,21.951,3.211,-0.188,1.683,25.162,14.763,3.211,-0.188,0.522,0.0,1,0.0
9,23.05,461,cruise,14.786,14.976,25.156,21.976,3.179,-0.191,1.68,24.418,14.763,2.442,-0.214,0.418,0.0,0,0.05
9,23.1,462,cruise,14.848,14.983,25.151,21.983,3.168,-0.135,1.679,23.674,14.763,1.691,-0.22,0.318,0.0,0,0.1
9,23.15,463,cruise,14.924,14.981,25.151,21.981,3.17,-0.057,1.679,25.151,14.924,3.17,-0.057,0.521,0.0,1,0.0
9,23.2,464,cruise,14.974,14.94,25.155,21.94,3.215,0.033,1.684,25.155,14.974,3.215,0.033,0.53,0.0,1,0.0
9,23.25,465,cruise,14.965,14.94,25.16,21.94,3.22,0.025,1.684,24.412,14.974,2.472,0.033,0.431,0.0,0,0.05
9,23.3,466,cruise,14.906,14.943,25.163,21.943,3.22,-0.037,1.684,25.163,14.906,3.22,-0.037,0.528,0.0,1,0.0
9,23.35,467,cruise,14.828,14.927,25.162,21.927,3.235,-0.099,1.686,24.42,14.906,2.493,-0.021,0.432,0.0,0,0.05
9,23.4,468,cruise,14.769,14.933,25.158,21.933,3.225,-0.164,1.685,23.676,14.906,1.743,-0.027,0.332,0.0,0,0.1
9,23.45,469,cruise,14.763,14.902,25.152,21.902,3.25,-0.139,1.688,25.152,14.763,3.25,-0.139,0.529,0.0,1,0.0
9,23.5,470,cruise,14.806,14.886,25.148,21.886,3.263,-0.08,1.689,25.148,14.806,3.263,-0.08,0.532,0.0,1,0.0
9,23.55,471,cruise,14.879,14.884,25.148,21.884,3.264,-0.006,1.69,24.406,14.806,2.522,-0.079,0.434,0.0,0,0.05
9,23.6,472,cruise,14.952,14.869,25.152,21.869,3.284,0.084,1.692,23.664,14.806,1.795,-0.063,0.337,0.0,0,0.1
9,23.65,473,cruise,14.983,14.86,25.159,21.86,3.299,0.124,1.693,25.159,14.983,3.299,0.124,0.544,0.0,1,0.0
9,23.7,474,cruise,14.95,14.843,25.166,21.843,3.323,0.107,1.695,25.166,14.95,3.323,0.107,0.547,0.0,1,0.0
9,23.75,475,cruise,14.876,14.831,25.17,21.831,3.339,0.044,1.697,25.17,14.876,3.339,0.044,0.547,0.0,1,0.0
9,23.8,476,cruise,14.796,14.848,25.17,21.848,3.323,-0.051,1.695,25.17,14.796,3.323,-0.051,0.541,0.0,1,0.0
9,23.85,477,cruise,14.752,14.866,25.166,21.866,3.3,-0.114,1.693,25.166,14.752,3.3,-0.114,0.536,0.0,1,0.0
9,23.9,478,cruise,14.765,14.895,25.16,21.895,3.265,-0.129,1.689,25.16,14.765,3.265,-0.129,0.531,0.0,1,0.0
9,23.95,479,cruise,14.821,14.925,25.155,21.925,3.23,-0.104,1.685,25.155,14.821,3.23,-0.104,0.527,0.0,1,0.0
9,24.0,480,cruise,14.898,14.948,25.152,21.948,3.203,-0.05,1.683,25.152,14.898,3.203,-0.05,0.525,0.0,1,0.0
9,24.05,481,cruise,14.957,14.979,25.15,21.979,3.171,-0.022,1.679,25.15,14.957,3.171,-0.022,0.522,0.0,1,0.0
9,24.1,482,cruise,14.973,15.009,25.149,22.009,3.14,-0.036,1.676,24.401,14.957,2.392,-0.052,0.417,0.0,0,0.05
9,24.15,483,cruise,14.918,15.026,25.145,22.026,3.12,-0.107,1.673,25.145,14.918,3.12,-0.107,0.512,0.0,1,0.0
9,24.2,484,cruise,14.846,15.038,25.137,22.038,3.099,-0.192,1.672,24.394,14.918,2.355,-0.12,0.41,0.0,0,0.05
9,24.25,485,cruise,14.784,15.045,25.125,22.045,3.08,-0.261,1.67,25.125,14.784,3.08,-0.261,0.502,0.0,1,0.0
9,24.3,486,cruise,14.751,15.048,25.111,22.048,3.062,-0.297,1.669,24.373,14.784,2.325,-0.264,0.401,0.0,0,0.05
9,24.35,487,cruise,14.788,15.049,25.096,22.049,3.048,-0.261,1.668,25.096,14.788,3.048,-0.261,0.498,0.0,1,0.0
9,24.4,488,cruise,14.834,15.044,25.084,22.044,3.04,-0.21,1.667,24.344,14.788,2.301,-0.256,0.398,0.0,0,0.05
9,24.45,489,cruise,14.919,15.039,25.075,22.039,3.036,-0.12,1.667,23.592,14.788,1.553,-0.252,0.299,0.0,0,0.1
9,24.5,490,cruise,14.96,15.018,25.07,22.018,3.051,-0.058,1.669,25.07,14.96,3.051,-0.058,0.505,0.0,1,0.0
9,24.55,491,cruise,14.967,14.987,25.066,21.987,3.079,-0.02,1.672,25.066,14.967,3.079,-0.02,0.51,0.0,1,0.0
9,24.6,492,cruise,14.898,14.974,25.061,21.974,3.087,-0.076,1.674,25.061,14.898,3.087,-0.076,0.509,0.0,1,0.0
9,24.65,493,cruise,14.827,14.973,25.052,21.973,3.079,-0.146,1.673,25.052,14.827,3.079,-0.146,0.506,0.0,1,0.0
9,24.7,494,cruise,14.777,14.98,25.039,21.98,3.059,-0.203,1.672,25.039,14.777,3.059,-0.203,0.501,0.0,1,0.0
9,24.75,495,cruise,14.754,14.991,25.024,21.991,3.032,-0.238,1.669,25.024,14.754,3.032,-0.238,0.496,0.0,1,0.0
9,24.8,496,cruise,14.797,15.004,25.008,22.004,3.004,-0.207,1.667,25.008,14.797,3.004,-0.207,0.494,0.0,1,0.0
9,24.85,497,cruise,14.836,15.018,24.992,22.018,2.974,-0.183,1.664,24.258,14.797,2.239,-0.221,0.391,0.0,0,0.05
9,24.9,498,cruise,14.923,15.024,24.978,22.024,2.953,-0.102,1.662,24.978,14.923,2.953,-0.102,0.49,0.0,1,0.0
9,24.95,499,cruise,14.952,15.023,24.965,22.023,2.942,-0.071,1.662,24.227,14.923,2.204,-0.1,0.391,0.0,0,0.05
9,25.0,500,cruise,14.959,15.019,24.952,22.019,2.933,-0.06,1.661,23.477,14.923,1.458,-0.096,0.291,0.0,0,0.1
9,25.05,501,cruise,14.918,14.997,24.938,21.997,2.942,-0.078,1.663,22.728,14.923,0.731,-0.074,0.195,0.0,0,0.15
9,25.1,502,cruise,14.832,14.948,24.922,21.948,2.975,-0.115,1.667,24.922,14.832,2.975,-0.115,0.493,0.0,1,0.0
9,25.15,503,cruise,14.768,14.885,24.905,21.885,3.02,-0.116,1.673,24.179,14.832,2.294,-0.052,0.404,0.0,0,0.05
9,25.2,504,cruise,14.714,14.837,24.885,21.837,3.047,-0.123,1.677,23.438,14.832,1.601,-0.005,0.313,0.0,0,0.1
9,25.25,505,cruise,14.751,14.791,24.866,21.791,3.074,-0.04,1.681,24.866,14.751,3.074,-0.04,0.509,0.0,1,0.0
9,25.3,506,cruise,14.784,14.748,24.85,21.748,3.101,0.036,1.685,24.85,14.784,3.101,0.036,0.515,0.0,1,0.0
9,25.35,507,cruise,14.879,14.728,24.837,21.728,3.108,0.151,1.686,24.837,14.879,3.108,0.151,0.519,0.0,1,0.0
9,25.4,508,cruise,14.933,14.725,24.826,21.725,3.102,0.208,1.686,24.105,14.879,2.381,0.154,0.423,0.0,0,0.05
9,25.45,509,cruise,14.979,14.725,24.817,21.725,3.093,0.254,1.685,24.817,14.979,3.093,0.254,0.521,0.0,1,0.0
9,25.5,510,cruise,14.967,14.725,24.811,21.725,3.085,0.242,1.685,24.811,14.967,3.085,0.242,0.519,0.0,1,0.0
9,25.55,511,cruise,14.883,14.736,24.801,21.736,3.065,0.147,1.683,24.801,14.883,3.065,0.147,0.514,0.0,1,0.0
9,25.6,512,cruise,14.791,14.752,24.786,21.752,3.035,0.04,1.68,24.786,14.791,3.035,0.04,0.506,0.0,1,0.0
9,25.65,513,cruise,14.692,14.77,24.765,21.77,2.995,-0.078,1.677,24.765,14.692,2.995,-0.078,0.497,0.0,1,0.0
9,25.7,514,cruise,14.693,14.789,24.741,21.789,2.951,-0.097,1.673,24.741,14.693,2.951,-0.097,0.49,0.0,1,0.0
9,25.75,515,cruise,14.7,14.798,24.715,21.798,2.917,-0.098,1.67,24.715,14.7,2.917,-0.098,0.486,0.0,1,0.0
9,25.8,516,cruise,14.778,14.814,24.692,21.814,2.878,-0.036,1.667,24.692,14.778,2.878,-0.036,0.483,0.0,1,0.0
9,25.85,517,cruise,14.883,14.814,24.675,21.814,2.862,0.069,1.666,23.969,14.778,2.155,-0.035,0.386,0.0,0,0.05
9,25.9,518,cruise,14.958,14.819,24.665,21.819,2.846,0.14,1.664,23.246,14.778,1.427,-0.04,0.289,0.0,0,0.1
9,25.95,519,cruise,14.991,14.783,24.657,21.783,2.873,0.208,1.668,24.657,14.991,2.873,0.208,0.49,0.0,1,0.0
9,26.0,520,cruise,14.913,14.755,24.649,21.755,2.893,0.158,1.67,24.649,14.913,2.893,0.158,0.491,0.0,1,0.0
9,26.05,521,cruise,14.834,14.74,24.639,21.74,2.899,0.094,1.672,23.937,14.913,2.197,0.173,0.399,0.0,0,0.05
9,26.1,522,cruise,14.728,14.713,24.626,21.713,2.914,0.015,1.674,24.626,14.728,2.914,0.015,0.489,0.0,1,0.0
9,26.15,523,cruise,14.71,14.701,24.611,21.701,2.91,0.009,1.674,24.611,14.71,2.91,0.009,0.488,0.0,1,0.0
9,26.2,524,cruise,14.702,14.671,24.596,21.671,2.926,0.031,1.677,24.596,14.702,2.926,0.031,0.491,0.0,1,0.0
9,26.25,525,cruise,14.769,14.675,24.582,21.675,2.908,0.094,1.675,24.582,14.769,2.908,0.094,0.491,0.0,1,0.0
9,26.3,526,cruise,14.866,14.657,24.577,21.657,2.92,0.209,1.677,24.577,14.866,2.92,0.209,0.496,0.0,1,0.0
9,26.35,527,cruise,14.943,14.669,24.577,21.669,2.908,0.274,1.675,24.577,14.943,2.908,0.274,0.497,0.0,1,0.0
9,26.4,528,cruise,14.988,14.682,24.583,21.682,2.901,0.306,1.674,24.583,14.988,2.901,0.306,0.497,0.0,1,0.0
9,26.45,529,cruise,14.928,14.677,24.588,21.677,2.911,0.251,1.675,24.588,14.928,2.911,0.251,0.496,0.0,1,0.0
9,26.5,530,cruise,14.859,14.688,24.59,21.688,2.901,0.171,1.674,24.59,14.859,2.901,0.171,0.493,0.0,1,0.0
9,26.55,531,cruise,14.755,14.666,24.587,21.666,2.921,0.089,1.676,24.587,14.755,2.921,0.089,0.492,0.0,1,0.0
9,26.6,532,cruise,14.728,14.68,24.582,21.68,2.902,0.048,1.674,23.895,14.755,2.215,0.075,0.398,0.0,0,0.05
9,26.65,533,cruise,14.76,14.654,24.581,21.654,2.927,0.106,1.677,24.581,14.76,2.927,0.106,0.494,0.0,1,0.0
9,26.7,534,cruise,14.805,14.656,24.583,21.656,2.928,0.149,1.677,24.583,14.805,2.928,0.149,0.495,0.0,1,0.0
9,26.75,535,cruise,14.891,14.664,24.593,21.664,2.928,0.227,1.677,23.896,14.805,2.231,0.14,0.402,0.0,0,0.05
9,26.8,536,cruise,14.937,14.645,24.607,21.645,2.962,0.292,1.68,24.607,14.937,2.962,0.292,0.505,0.0,1,0.0
9,26.85,537,cruise,14.972,14.638,24.624,21.638,2.986,0.334,1.682,24.624,14.972,2.986,0.334,0.509,0.0,1,0.0
9,26.9,538,cruise,14.951,14.602,24.646,21.602,3.044,0.35,1.688,24.646,14.951,3.044,0.35,0.518,0.0,1,0.0
9,26.95,539,cruise,14.866,14.612,24.666,21.612,3.053,0.253,1.688,24.666,14.866,3.053,0.253,0.516,0.0,1,0.0
9,27.0,540,cruise,14.792,14.592,24.683,21.592,3.091,0.2,1.692,24.683,14.792,3.091,0.2,0.519,0.0,1,0.0
9,27.05,541,cruise,14.723,14.611,24.696,21.611,3.085,0.112,1.69,23.998,14.792,2.386,0.181,0.424,0.0,0,0.05
9,27.1,542,cruise,14.742,14.63,24.711,21.63,3.081,0.112,1.689,23.312,14.792,1.682,0.162,0.33,0.0,0,0.1
9,27.15,543,cruise,14.802,14.608,24.733,21.608,3.125,0.194,1.693,22.625,14.792,1.017,0.184,0.242,0.0,0,0.15
9,27.2,544,cruise,14.867,14.567,24.761,21.567,3.194,0.3,1.7,24.761,14.867,3.194,0.3,0.536,0.0,1,0.0
9,27.25,545,cruise,14.953,14.475,24.795,21.475,3.321,0.478,1.713,24.082,14.867,2.607,0.392,0.461,0.0,0,0.05
9,27.3,546,cruise,14.968,14.443,24.835,21.443,3.391,0.525,1.719,24.835,14.968,3.391,0.525,0.57,0.0,1,0.0
9,27.35,547,cruise,14.949,14.391,24.875,21.391,3.484,0.558,1.728,24.875,14.949,3.484,0.558,0.583,0.0,1,0.0
9,27.4,548,cruise,14.889,14.401,24.915,21.401,3.514,0.488,1.73,24.197,14.949,2.796,0.548,0.491,0.0,0,0.05
9,27.45,549,cruise,14.802,14.426,24.954,21.426,3.528,0.376,1.73,23.518,14.949,2.092,0.524,0.396,0.0,0,0.1
9,27.5,550,cruise,14.758,14.417,24.99,21.417,3.573,0.341,1.733,22.837,14.949,1.42,0.532,0.307,0.0,0,0.15
9,27.55,551,cruise,14.769,14.399,25.028,21.399,3.629,0.37,1.738,25.028,14.769,3.629,0.37,0.596,0.0,1,0.0
9,27.6,552,cruise,14.802,14.334,25.068,21.334,3.734,0.468,1.749,24.351,14.769,3.016,0.435,0.517,0.0,0,0.05
9,27.65,553,cruise,14.884,14.329,25.112,21.329,3.783,0.555,1.753,25.112,14.884,3.783,0.555,0.623,0.0,1,0.0
9,27.7,554,cruise,14.938,14.304,25.159,21.304,3.855,0.635,1.759,24.434,14.884,3.13,0.581,0.537,0.0,0,0.05
9,27.75,555,cruise,14.975,14.332,25.206,21.332,3.875,0.643,1.759,25.206,14.975,3.875,0.643,0.638,0.0,1,0.0
9,27.8,556,cruise,14.936,14.375,25.253,21.375,3.878,0.561,1.757,25.253,14.936,3.878,0.561,0.636,0.0,1,0.0
9,27.85,557,cruise,14.873,14.408,25.296,21.408,3.888,0.465,1.756,24.57,14.936,3.162,0.528,0.539,0.0,0,0.05
9,27.9,558,cruise,14.807,14.453,25.335,21.453,3.882,0.354,1.753,25.335,14.807,3.882,0.354,0.629,0.0,1,0.0
9,27.95,559,cruise,14.758,14.457,25.367,21.457,3.91,0.3,1.755,25.367,14.758,3.91,0.3,0.631,0.0,1,0.0
9,28.0,560,cruise,14.778,14.517,25.396,21.517,3.879,0.261,1.749,25.396,14.778,3.879,0.261,0.626,0.0,1,0.0
9,28.05,561,cruise,14.84,14.54,25.424,21.54,3.884,0.299,1.749,25.424,14.84,3.884,0.299,0.628,0.0,1,0.0
9,28.1,562,cruise,14.895,14.61,25.451,21.61,3.841,0.286,1.742,25.451,14.895,3.841,0.286,0.622,0.0,1,0.0
9,28.15,563,cruise,14.954,14.688,25.478,21.688,3.79,0.266,1.735,25.478,14.954,3.79,0.266,0.614,0.0,1,0.0
9,28.2,564,cruise,14.944,14.741,25.502,21.741,3.761,0.203,1.73,24.767,14.954,3.027,0.213,0.511,0.0,0,0.05
9,28.25,565,cruise,14.91,14.799,25.52,21.799,3.721,0.111,1.724,24.051,14.954,2.252,0.154,0.405,0.0,0,0.1
9,28.3,566,cruise,14.856,14.796,25.534,21.796,3.738,0.06,1.726,23.331,14.954,1.535,0.158,0.31,0.0,0,0.15
9,28.35,567,cruise,14.795,14.803,25.544,21.803,3.741,-0.008,1.726,22.608,14.954,0.805,0.151,0.212,0.0,0,0.2
9,28.4,568,cruise,14.787,14.781,25.552,21.781,3.771,0.006,1.729,21.886,14.954,0.104,0.172,0.12,0.0,0,0.25
9,28.45,569,cruise,14.803,14.699,25.563,21.699,3.865,0.105,1.739,21.164,14.954,-0.535,0.255,0.037,0.0,0,0.3
9,28.5,570,cruise,14.876,14.597,25.58,21.597,3.984,0.28,1.752,25.58,14.876,3.984,0.28,0.64,0.0,1,0.0
9,28.55,571,cruise,14.95,14.443,25.607,21.443,4.164,0.507,1.773,24.871,14.876,3.428,0.433,0.572,0.0,0,0.05
9,28.6,572,cruise,14.965,14.353,25.641,21.353,4.287,0.612,1.786,24.165,14.876,2.812,0.523,0.492,0.0,0,0.1
9,28.65,573,cruise,14.94,14.308,25.677,21.308,4.369,0.632,1.795,23.463,14.876,2.154,0.568,0.406,0.0,0,0.15
9,28.7,574,cruise,14.857,14.258,25.711,21.258,4.453,0.6,1.803,25.711,14.857,4.453,0.6,0.714,0.0,1,0.0
9,28.75,575,cruise,14.792,14.24,25.742,21.24,4.502,0.552,1.808,25.742,14.792,4.502,0.552,0.719,0.0,1,0.0
9,28.8,576,cruise,14.765,14.267,25.772,21.267,4.505,0.498,1.806,25.772,14.765,4.505,0.498,0.717,0.0,1,0.0
9,28.85,577,cruise,14.774,14.303,25.799,21.303,4.497,0.472,1.804,25.07,14.765,3.768,0.462,0.618,0.0,0,0.05
9,28.9,578,cruise,14.841,14.376,25.825,21.376,4.45,0.465,1.796,25.825,14.841,4.45,0.465,0.709,0.0,1,0.0
9,28.95,579,cruise,14.898,14.425,25.85,21.425,4.425,0.473,1.792,25.85,14.898,4.425,0.473,0.706,0.0,1,0.0
9,29.0,580,cruise,14.958,14.52,25.874,21.52,4.354,0.438,1.782,25.874,14.958,4.354,0.438,0.695,0.0,1,0.0
9,29.05,581,cruise,14.968,14.619,25.896,21.619,4.277,0.349,1.771,25.896,14.968,4.277,0.349,0.682,0.0,1,0.0
9,29.1,582,cruise,14.907,14.707,25.911,21.707,4.204,0.2,1.762,25.173,14.968,3.466,0.261,0.571,0.0,0,0.05
9,29.15,583,cruise,14.838,14.804,25.917,21.804,4.113,0.033,1.751,24.445,14.968,2.641,0.163,0.458,0.0,0,0.1
9,29.2,584,cruise,14.763,14.848,25.916,21.848,4.068,-0.086,1.745,25.916,14.763,4.068,-0.086,0.64,0.0,1,0.0
9,29.25,585,cruise,14.756,14.905,25.91,21.905,4.005,-0.149,1.738,25.182,14.763,3.277,-0.142,0.532,0.0,0,0.05
9,29.3,586,cruise,14.798,14.943,25.903,21.943,3.96,-0.145,1.733,24.444,14.763,2.501,-0.18,0.427,0.0,0,0.1
9,29.35,587,cruise,14.854,14.984,25.896,21.984,3.912,-0.13,1.728,25.896,14.854,3.912,-0.13,0.617,0.0,1,0.0
9,29.4,588,cruise,14.937,15.012,25.893,22.012,3.88,-0.075,1.725,25.156,14.854,3.144,-0.159,0.514,0.0,0,0.05
9,29.45,589,cruise,14.977,15.03,25.891,22.03,3.86,-0.053,1.723,25.891,14.977,3.86,-0.053,0.613,0.0,1,0.0
9,29.5,590,cruise,14.964,15.068,25.888,22.068,3.819,-0.104,1.718,25.888,14.964,3.819,-0.104,0.606,0.0,1,0.0
9,29.55,591,cruise,14.901,15.091,25.881,22.091,3.79,-0.19,1.715,25.881,14.901,3.79,-0.19,0.599,0.0,1,0.0
9,29.6,592,cruise,14.811,15.147,25.868,22.147,3.721,-0.336,1.708,25.133,14.901,2.986,-0.246,0.49,0.0,0,0.05
9,29.65,593,cruise,14.754,15.196,25.85,22.196,3.654,-0.442,1.701,25.85,14.754,3.654,-0.442,0.572,0.0,1,0.0
9,29.7,594,cruise,14.751,15.22,25.829,22.22,3.609,-0.469,1.697,25.829,14.751,3.609,-0.469,0.566,0.0,1,0.0
9,29.75,595,cruise,14.775,15.266,25.807,22.266,3.541,-0.491,1.69,25.076,14.751,2.81,-0.515,0.457,0.0,0,0.05
9,29.8,596,cruise,14.791,15.279,25.782,22.279,3.503,-0.488,1.687,25.782,14.791,3.503,-0.488,0.551,0.0,1,0.0
9,29.85,597,cruise,14.774,15.31,25.753,22.31,3.444,-0.536,1.682,25.753,14.774,3.444,-0.536,0.541,0.0,1,0.0
9,29.9,598,cruise,14.835,15.341,25.721,22.341,3.38,-0.506,1.677,24.996,14.774,2.655,-0.567,0.435,0.0,0,0.05
9,29.95,599,cruise,14.948,15.348,25.691,22.348,3.343,-0.4,1.674,24.237,14.774,1.889,-0.574,0.333,0.0,0,0.1
9,30.0,600,cruise,15.036,15.351,25.666,22.351,3.315,-0.315,1.672,25.666,15.036,3.315,-0.315,0.531,0.0,1,0.0
9,30.05,601,cruise,15.022,15.318,25.643,22.318,3.325,-0.296,1.674,24.909,15.036,2.59,-0.282,0.436,0.0,0,0.05
9,30.1,602,cruise,14.935,15.314,25.617,22.314,3.302,-0.38,1.673,25.617,14.935,3.302,-0.38,0.528,0.0,1,0.0
9,30.15,603,cruise,14.823,15.297,25.585,22.297,3.288,-0.474,1.673,25.585,14.823,3.288,-0.474,0.523,0.0,1,0.0
9,30.2,604,cruise,14.727,15.307,25.549,22.307,3.242,-0.579,1.669,24.829,14.823,2.523,-0.484,0.42,0.0,0,0.05
9,30.25,605,cruise,14.684,15.313,25.51,22.313,3.196,-0.629,1.666,25.51,14.684,3.196,-0.629,0.505,0.0,1,0.0
9,30.3,606,cruise,14.702,15.297,25.471,22.297,3.174,-0.595,1.665,25.471,14.702,3.174,-0.595,0.503,0.0,1,0.0
9,30.35,607,cruise,14.762,15.306,25.436,22.306,3.13,-0.544,1.662,25.436,14.762,3.13,-0.544,0.499,0.0,1,0.0
9,30.4,608,cruise,14.849,15.295,25.406,22.295,3.111,-0.446,1.661,25.406,14.849,3.111,-0.446,0.5,0.0,1,0.0
9,30.45,609,cruise,14.941,15.309,25.382,22.309,3.073,-0.368,1.658,25.382,14.941,3.073,-0.368,0.497,0.0,1,0.0
9,30.5,610,cruise,15.0,15.322,25.363,22.322,3.04,-0.322,1.655,25.363,15.0,3.04,-0.322,0.495,0.0,1,0.0
9,30.55,611,cruise,14.967,15.318,25.346,22.318,3.028,-0.351,1.655,25.346,14.967,3.028,-0.351,0.492,0.0,1,0.0
9,30.6,612,cruise,14.897,15.332,25.329,22.332,2.997,-0.435,1.652,25.329,14.897,2.997,-0.435,0.485,0.0,1,0.0
9,30.65,613,cruise,14.812,15.323,25.308,22.323,2.985,-0.511,1.652,25.308,14.812,2.985,-0.511,0.481,0.0,1,0.0
9,30.7,614,cruise,14.737,15.335,25.285,22.335,2.95,-0.598,1.649,24.553,14.812,2.219,-0.523,0.378,0.0,0,0.05
9,30.75,615,cruise,14.735,15.336,25.263,22.336,2.927,-0.601,1.647,25.263,14.735,2.927,-0.601,0.47,0.0,1,0.0
9,30.8,616,cruise,14.782,15.31,25.244,22.31,2.933,-0.529,1.649,25.244,14.782,2.933,-0.529,0.474,0.0,1,0.0
9,30.85,617,cruise,14.84,15.307,25.229,22.307,2.922,-0.468,1.648,24.491,14.782,2.183,-0.526,0.374,0.0,0,0.05
9,30.9,618,cruise,14.929,15.277,25.22,22.277,2.943,-0.348,1.651,23.738,14.782,1.461,-0.495,0.278,0.0,0,0.1
9,30.95,619,cruise,14.974,15.249,25.215,22.249,2.966,-0.275,1.654,25.215,14.974,2.966,-0.275,0.486,0.0,1,0.0
9,31.0,620,cruise,14.974,15.211,25.215,22.211,3.004,-0.237,1.658,24.466,14.974,2.255,-0.236,0.393,0.0,0,0.05
9,31.05,621,cruise,14.917,15.163,25.214,22.163,3.051,-0.246,1.663,25.214,14.917,3.051,-0.246,0.499,0.0,1,0.0
9,31.1,622,cruise,14.819,15.14,25.21,22.14,3.071,-0.32,1.665,25.21,14.819,3.071,-0.32,0.499,0.0,1,0.0
9,31.15,623,cruise,14.753,15.12,25.203,22.12,3.082,-0.367,1.667,25.203,14.753,3.082,-0.367,0.499,0.0,1,0.0
9,31.2,624,cruise,14.738,15.121,25.194,22.121,3.073,-0.382,1.666,25.194,14.738,3.073,-0.382,0.497,0.0,1,0.0
9,31.25,625,cruise,14.764,15.126,25.186,22.126,3.059,-0.362,1.665,24.448,14.738,2.322,-0.388,0.397,0.0,0,0.05
9,31.3,626,cruise,14.837,15.116,25.179,22.116,3.064,-0.279,1.666,25.179,14.837,3.064,-0.279,0.499,0.0,1,0.0
9,31.35,627,cruise,14.917,15.113,25.177,22.113,3.064,-0.196,1.666,25.177,14.917,3.064,-0.196,0.502,0.0,1,0.0
9,31.4,628,cruise,14.979,15.117,25.178,22.117,3.06,-0.138,1.665,24.431,14.917,2.314,-0.2,0.402,0.0,0,0.05
9,31.45,629,cruise,14.981,15.097,25.179,22.097,3.082,-0.115,1.668,25.179,14.981,3.082,-0.115,0.507,0.0,1,0.0
9,31.5,630,cruise,14.918,15.035,25.179,22.035,3.144,-0.117,1.675,24.433,14.981,2.398,-0.054,0.418,0.0,0,0.05
9,31.55,631,cruise,14.832,14.92,25.176,21.92,3.256,-0.088,1.687,25.176,14.832,3.256,-0.088,0.531,0.0,1,0.0
9,31.6,632,cruise,14.761,14.864,25.172,21.864,3.308,-0.103,1.693,25.172,14.761,3.308,-0.103,0.538,0.0,1,0.0
9,31.65,633,cruise,14.74,14.873,25.165,21.873,3.291,-0.134,1.692,25.165,14.74,3.291,-0.134,0.534,0.0,1,0.0
9,31.7,634,cruise,14.775,14.9,25.156,21.9,3.256,-0.126,1.688,24.421,14.74,2.52,-0.161,0.431,0.0,0,0.05
9,31.75,635,cruise,14.846,14.919,25.149,21.919,3.23,-0.074,1.686,25.149,14.846,3.23,-0.074,0.528,0.0,1,0.0
9,31.8,636,cruise,14.925,14.93,25.145,21.93,3.215,-0.005,1.684,24.403,14.846,2.473,-0.084,0.427,0.0,0,0.05
9,31.85,637,cruise,14.98,14.938,25.145,21.938,3.207,0.042,1.683,23.656,14.846,1.718,-0.093,0.326,0.0,0,0.1
9,31.9,638,cruise,14.973,14.93,25.145,21.93,3.216,0.043,1.684,25.145,14.973,3.216,0.043,0.53,0.0,1,0.0
9,31.95,639,cruise,14.911,14.912,25.145,21.912,3.233,-0.001,1.686,25.145,14.911,3.233,-0.001,0.531,0.0,1,0.0
9,32.0,640,cruise,14.828,14.911,25.143,21.911,3.232,-0.084,1.686,25.143,14.828,3.232,-0.084,0.528,0.0,1,0.0
9,32.05,641,cruise,14.761,14.922,25.137,21.922,3.215,-0.16,1.685,24.399,14.828,2.477,-0.094,0.427,0.0,0,0.05
9,32.1,642,cruise,14.75,14.932,25.129,21.932,3.197,-0.182,1.683,25.129,14.75,3.197,-0.182,0.52,0.0,1,0.0
9,32.15,643,cruise,14.789,14.939,25.123,21.939,3.184,-0.149,1.682,24.385,14.75,2.447,-0.189,0.42,0.0,0,0.05
9,32.2,644,cruise,14.863,14.945,25.12,21.945,3.175,-0.082,1.681,25.12,14.863,3.175,-0.082,0.521,0.0,1,0.0
9,32.25,645,cruise,14.944,14.928,25.121,21.928,3.193,0.016,1.683,25.121,14.944,3.193,0.016,0.526,0.0,1,0.0
9,32.3,646,cruise,14.989,14.941,25.126,21.941,3.185,0.048,1.682,25.126,14.989,3.185,0.048,0.526,0.0,1,0.0
9,32.35,647,cruise,14.966,14.96,25.131,21.96,3.17,0.006,1.68,24.382,14.989,2.422,0.028,0.424,0.0,0,0.05
9,32.4,648,cruise,14.894,14.957,25.132,21.957,3.174,-0.063,1.68,23.638,14.989,1.68,0.031,0.325,0.0,0,0.1
9,32.45,649,cruise,14.807,14.953,25.129,21.953,3.176,-0.145,1.681,22.893,14.989,0.941,0.036,0.227,0.0,0,0.15
9,32.5,650,cruise,14.748,14.897,25.123,21.897,3.226,-0.149,1.686,25.123,14.748,3.226,-0.149,0.525,0.0,1,0.0
9,32.55,651,cruise,14.747,14.85,25.119,21.85,3.269,-0.103,1.692,25.119,14.747,3.269,-0.103,0.532,0.0,1,0.0
9,32.6,652,cruise,14.794,14.823,25.118,21.823,3.294,-0.03,1.694,24.379,14.747,2.556,-0.076,0.438,0.0,0,0.05
9,32.65,653,cruise,14.872,14.795,25.121,21.795,3.326,0.077,1.698,25.121,14.872,3.326,0.077,0.546,0.0,1,0.0
9,32.7,654,cruise,14.956,14.792,25.129,21.792,3.337,0.164,1.699,24.383,14.872,2.591,0.08,0.448,0.0,0,0.05
9,32.75,655,cruise,14.996,14.796,25.14,21.796,3.343,0.2,1.699,25.14,14.996,3.343,0.2,0.552,0.0,1,0.0
9,32.8,656,cruise,14.966,14.787,25.15,21.787,3.363,0.178,1.701,25.15,14.966,3.363,0.178,0.554,0.0,1,0.0
9,32.85,657,cruise,14.885,14.808,25.157,21.808,3.349,0.077,1.699,25.157,14.885,3.349,0.077,0.549,0.0,1,0.0
9,32.9,658,cruise,14.794,14.836,25.158,21.836,3.322,-0.042,1.696,25.158,14.794,3.322,-0.042,0.541,0.0,1,0.0
9,32.95,659,cruise,14.736,14.857,25.154,21.857,3.297,-0.121,1.693,25.154,14.736,3.297,-0.121,0.536,0.0,1,0.0
9,33.0,660,cruise,14.738,14.891,25.147,21.891,3.256,-0.153,1.689,25.147,14.738,3.256,-0.153,0.529,0.0,1,0.0
9,33.05,661,cruise,14.787,14.921,25.14,21.921,3.22,-0.134,1.685,25.14,14.787,3.22,-0.134,0.525,0.0,1,0.0
9,33.1,662,cruise,14.867,14.953,25.135,21.953,3.182,-0.086,1.681,24.394,14.787,2.44,-0.166,0.42,0.0,0,0.05
9,33.15,663,cruise,14.952,14.976,25.133,21.976,3.157,-0.024,1.678,23.646,14.787,1.67,-0.189,0.316,0.0,0,0.1
9,33.2,664,cruise,14.996,14.97,25.134,21.97,3.164,0.026,1.679,22.897,14.787,0.927,-0.183,0.217,0.0,0,0.15
9,33.25,665,cruise,14.97,14.939,25.136,21.939,3.197,0.031,1.683,25.136,14.97,3.197,0.031,0.527,0.0,1,0.0
9,33.3,666,cruise,14.892,14.89,25.137,21.89,3.247,0.002,1.688,25.137,14.892,3.247,0.002,0.533,0.0,1,0.0
9,33.35,667,cruise,14.799,14.861,25.135,21.861,3.274,-0.062,1.691,25.135,14.799,3.274,-0.062,0.534,0.0,1,0.0
9,33.4,668,cruise,14.737,14.856,25.13,21.856,3.274,-0.119,1.692,25.13,14.737,3.274,-0.119,0.533,0.0,1,0.0
9,33.45,669,cruise,14.735,14.864,25.124,21.864,3.26,-0.129,1.69,25.124,14.735,3.26,-0.129,0.53,0.0,1,0.0
9,33.5,670,cruise,14.781,14.882,25.118,21.882,3.237,-0.1,1.688,24.38,14.735,2.499,-0.146,0.428,0.0,0,0.05
9,33.55,671,cruise,14.859,14.896,25.115,21.896,3.219,-0.037,1.686,25.115,14.859,3.219,-0.037,0.528,0.0,1,0.0
9,33.6,672,cruise,14.944,14.905,25.116,21.905,3.211,0.039,1.685,25.116,14.944,3.211,0.039,0.529,0.0,1,0.0
9,33.65,673,cruise,14.992,14.923,25.119,21.923,3.196,0.069,1.683,25.119,14.992,3.196,0.069,0.528,0.0,1,0.0
9,33.7,674,cruise,14.972,14.946,25.122,21.946,3.175,0.026,1.681,25.122,14.972,3.175,0.026,0.524,0.0,1,0.0
9,33.75,675,cruise,14.899,14.971,25.12,21.971,3.15,-0.072,1.678,24.374,14.972,2.403,0.002,0.42,0.0,0,0.05
9,33.8,676,cruise,14.808,14.989,25.113,21.989,3.124,-0.181,1.675,25.113,14.808,3.124,-0.181,0.511,0.0,1,0.0
9,33.85,677,cruise,14.744,15.0,25.102,22.0,3.102,-0.256,1.673,24.363,14.808,2.363,-0.192,0.409,0.0,0,0.05
9,33.9,678,cruise,14.738,15.007,25.088,22.007,3.081,-0.268,1.672,25.088,14.738,3.081,-0.268,0.502,0.0,1,0.0
9,33.95,679,cruise,14.782,15.009,25.076,22.009,3.067,-0.227,1.671,25.076,14.782,3.067,-0.227,0.501,0.0,1,0.0
9,34.0,680,cruise,14.859,15.017,25.067,22.017,3.05,-0.158,1.669,25.067,14.859,3.05,-0.158,0.501,0.0,1,0.0
9,34.05,681,cruise,14.942,15.028,25.061,22.028,3.033,-0.086,1.668,24.315,14.859,2.287,-0.17,0.399,0.0,0,0.05
9,34.1,682,cruise,14.99,15.034,25.058,22.034,3.024,-0.044,1.667,25.058,14.99,3.024,-0.044,0.502,0.0,1,0.0
9,34.15,683,cruise,14.971,15.034,25.056,22.034,3.022,-0.063,1.667,25.056,14.971,3.022,-0.063,0.501,0.0,1,0.0
9,34.2,684,cruise,14.899,15.041,25.05,22.041,3.01,-0.142,1.665,24.304,14.971,2.263,-0.07,0.399,0.0,0,0.05
9,34.25,685,cruise,14.81,15.043,25.04,22.043,2.997,-0.233,1.665,25.04,14.81,2.997,-0.233,0.492,0.0,1,0.0
9,34.3,686,cruise,14.747,15.041,25.027,22.041,2.986,-0.294,1.664,25.027,14.747,2.986,-0.294,0.488,0.0,1,0.0
9,34.35,687,cruise,14.742,15.044,25.012,22.044,2.968,-0.302,1.663,24.275,14.747,2.231,-0.297,0.388,0.0,0,0.05
9,34.4,688,cruise,14.786,15.042,24.998,22.042,2.956,-0.256,1.662,24.998,14.786,2.956,-0.256,0.486,0.0,1,0.0
9,34.45,689,cruise,14.862,15.035,24.987,22.035,2.952,-0.173,1.662,24.246,14.786,2.211,-0.249,0.386,0.0,0,0.05
9,34.5,690,cruise,14.946,15.027,24.982,22.027,2.955,-0.081,1.662,23.494,14.786,1.468,-0.241,0.288,0.0,0,0.1
9,34.55,691,cruise,14.991,15.001,24.98,22.001,2.979,-0.009,1.665,24.98,14.991,2.979,-0.009,0.497,0.0,1,0.0
9,34.6,692,cruise,14.969,14.967,24.98,21.967,3.014,0.003,1.669,24.98,14.969,3.014,0.003,0.502,0.0,1,0.0
9,34.65,693,cruise,14.895,14.949,24.979,21.949,3.03,-0.054,1.671,24.979,14.895,3.03,-0.054,0.502,0.0,1,0.0
9,34.7,694,cruise,14.806,14.945,24.973,21.945,3.029,-0.139,1.671,24.973,14.806,3.029,-0.139,0.499,0.0,1,0.0
9,34.75,695,cruise,14.744,14.948,24.964,21.948,3.016,-0.204,1.67,24.964,14.744,3.016,-0.204,0.495,0.0,1,0.0
9,34.8,696,cruise,14.742,14.956,24.953,21.956,2.997,-0.215,1.668,24.953,14.742,2.997,-0.215,0.492,0.0,1,0.0
9,34.85,697,cruise,14.787,14.967,24.944,21.967,2.977,-0.18,1.667,24.944,14.787,2.977,-0.18,0.491,0.0,1,0.0
9,34.9,698,cruise,14.865,14.979,24.937,21.979,2.958,-0.114,1.665,24.937,14.865,2.958,-0.114,0.491,0.0,1,0.0
9,34.95,699,cruise,14.949,14.991,24.933,21.991,2.942,-0.042,1.663,24.933,14.949,2.942,-0.042,0.491,0.0,1,0.0
9,35.0,700,cruise,14.993,15.004,24.932,22.004,2.929,-0.01,1.662,24.183,14.949,2.18,-0.055,0.389,0.0,0,0.05
9,35.05,701,cruise,14.969,15.008,24.931,22.008,2.923,-0.04,1.661,23.433,14.949,1.425,-0.059,0.288,0.0,0,0.1
9,35.1,702,cruise,14.893,14.991,24.927,21.991,2.936,-0.099,1.663,24.927,14.893,2.936,-0.099,0.488,0.0,1,0.0
9,35.15,703,cruise,14.802,14.962,24.921,21.962,2.958,-0.16,1.666,24.179,14.893,2.217,-0.07,0.393,0.0,0,0.05
9,35.2,704,cruise,14.741,14.939,24.911,21.939,2.972,-0.198,1.668,24.911,14.741,2.972,-0.198,0.49,0.0,1,0.0
9,35.25,705,cruise,14.739,14.92,24.902,21.92,2.982,-0.181,1.669,24.902,14.739,2.982,-0.181,0.492,0.0,1,0.0
9,35.3,706,cruise,14.786,14.913,24.894,21.913,2.982,-0.127,1.669,24.894,14.786,2.982,-0.127,0.493,0.0,1,0.0
9,35.35,707,cruise,14.864,14.913,24.89,21.913,2.977,-0.049,1.669,24.89,14.864,2.977,-0.049,0.495,0.0,1,0.0
9,35.4,708,cruise,14.948,14.919,24.89,21.919,2.971,0.029,1.668,24.144,14.864,2.226,-0.055,0.395,0.0,0,0.05
9,35.45,709,cruise,14.994,14.92,24.893,21.92,2.973,0.074,1.668,24.893,14.994,2.973,0.074,0.499,0.0,1,0.0
9,35.5,710,cruise,14.97,14.917,24.897,21.917,2.98,0.053,1.669,24.147,14.994,2.23,0.077,0.4,0.0,0,0.05
9,35.55,711,cruise,14.894,14.913,24.897,21.913,2.984,-0.019,1.669,23.402,14.994,1.488,0.08,0.301,0.0,0,0.1
9,35.6,712,cruise,14.803,14.893,24.894,21.893,3.001,-0.09,1.671,24.894,14.803,3.001,-0.09,0.497,0.0,1,0.0
9,35.65,713,cruise,14.741,14.864,24.888,21.864,3.024,-0.123,1.674,24.888,14.741,3.024,-0.123,0.499,0.0,1,0.0
9,35.7,714,cruise,14.739,14.851,24.882,21.851,3.031,-0.112,1.675,24.145,14.741,2.294,-0.11,0.402,0.0,0,0.05
9,35.75,715,cruise,14.784,14.841,24.878,21.841,3.037,-0.057,1.676,24.878,14.784,3.037,-0.057,0.503,0.0,1,0.0
9,35.8,716,cruise,14.862,14.832,24.878,21.832,3.046,0.03,1.677,24.136,14.784,2.304,-0.048,0.406,0.0,0,0.05
9,35.85,717,cruise,14.946,14.826,24.882,21.826,3.057,0.121,1.678,24.882,14.946,3.057,0.121,0.512,0.0,1,0.0
9,35.9,718,cruise,14.993,14.82,24.89,21.82,3.07,0.173,1.68,24.89,14.993,3.07,0.173,0.515,0.0,1,0.0
9,35.95,719,cruise,14.97,14.825,24.898,21.825,3.073,0.146,1.68,24.898,14.97,3.073,0.146,0.515,0.0,1,0.0
9,36.0,720,cruise,14.896,14.837,24.903,21.837,3.066,0.059,1.678,24.157,14.97,2.32,0.133,0.414,0.0,0,0.05
9,36.05,721,cruise,14.805,14.846,24.903,21.846,3.057,-0.04,1.677,24.903,14.805,3.057,-0.04,0.506,0.0,1,0.0
9,36.1,722,cruise,14.743,14.85,24.899,21.85,3.049,-0.107,1.677,24.16,14.805,2.31,-0.045,0.407,0.0,0,0.05
9,36.15,723,cruise,14.739,14.852,24.893,21.852,3.04,-0.113,1.676,24.893,14.739,3.04,-0.113,0.502,0.0,1,0.0
9,36.2,724,cruise,14.784,14.852,24.888,21.852,3.037,-0.067,1.676,24.888,14.784,3.037,-0.067,0.503,0.0,1,0.0
9,36.25,725,cruise,14.862,14.858,24.887,21.858,3.029,0.004,1.675,24.887,14.862,3.029,0.004,0.504,0.0,1,0.0
9,36.3,726,cruise,14.946,14.869,24.89,21.869,3.02,0.076,1.674,24.144,14.862,2.274,-0.008,0.403,0.0,0,0.05
9,36.35,727,cruise,14.992,14.876,24.895,21.876,3.019,0.117,1.674,24.895,14.992,3.019,0.117,0.506,0.0,1,0.0
9,36.4,728,cruise,14.97,14.877,24.9,21.877,3.023,0.093,1.674,24.9,14.97,3.023,0.093,0.506,0.0,1,0.0
9,36.45,729,cruise,14.896,14.886,24.903,21.886,3.017,0.01,1.673,24.903,14.896,3.017,0.01,0.503,0.0,1,0.0
9,36.5,730,cruise,14.806,14.898,24.9,21.898,3.001,-0.092,1.671,24.9,14.806,3.001,-0.092,0.497,0.0,1,0.0
9,36.55,731,cruise,14.744,14.913,24.893,21.913,2.98,-0.169,1.669,24.893,14.744,2.98,-0.169,0.492,0.0,1,0.0
9,36.6,732,cruise,14.74,14.928,24.883,21.928,2.956,-0.188,1.667,24.147,14.744,2.219,-0.184,0.39,0.0,0,0.05
9,36.65,733,cruise,14.785,14.934,24.875,21.934,2.941,-0.149,1.666,23.4,14.744,1.466,-0.19,0.289,0.0,0,0.1
9,36.7,734,cruise,14.863,14.918,24.87,21.918,2.952,-0.056,1.667,24.87,14.863,2.952,-0.056,0.492,0.0,1,0.0
9,36.75,735,cruise,14.946,14.89,24.871,21.89,2.981,0.056,1.67,24.871,14.946,2.981,0.056,0.499,0.0,1,0.0
9,36.8,736,cruise,14.992,14.877,24.876,21.877,2.999,0.115,1.672,24.876,14.992,2.999,0.115,0.504,0.0,1,0.0
9,36.85,737,cruise,14.97,14.875,24.881,21.875,3.006,0.095,1.673,24.881,14.97,3.006,0.095,0.504,0.0,1,0.0
9,36.9,738,cruise,14.896,14.881,24.884,21.881,3.003,0.015,1.672,24.884,14.896,3.003,0.015,0.501,0.0,1,0.0
9,36.95,739,cruise,14.806,14.892,24.881,21.892,2.99,-0.086,1.671,24.881,14.806,2.99,-0.086,0.496,0.0,1,0.0
9,37.0,740,cruise,14.743,14.905,24.874,21.905,2.97,-0.162,1.669,24.874,14.743,2.97,-0.162,0.491,0.0,1,0.0
9,37.05,741,cruise,14.739,14.918,24.866,21.918,2.947,-0.179,1.667,24.129,14.743,2.21,-0.175,0.389,0.0,0,0.05
9,37.1,742,cruise,14.785,14.924,24.858,21.924,2.934,-0.139,1.666,24.858,14.785,2.934,-0.139,0.487,0.0,1,0.0
9,37.15,743,cruise,14.862,14.922,24.853,21.922,2.931,-0.06,1.666,24.112,14.785,2.19,-0.137,0.387,0.0,0,0.05
9,37.2,744,cruise,14.946,14.917,24.853,21.917,2.936,0.029,1.666,24.853,14.946,2.936,0.029,0.492,0.0,1,0.0
9,37.25,745,cruise,14.992,14.909,24.856,21.909,2.947,0.083,1.667,24.107,14.946,2.198,0.037,0.394,0.0,0,0.05
9,37.3,746,decelerate,14.97,14.902,24.86,21.902,2.959,0.068,1.668,24.86,14.97,2.959,0.068,0.497,0.0,1,0.0
9,37.35,747,decelerate,14.895,14.893,24.862,21.893,2.969,0.003,1.669,24.862,14.895,2.969,0.003,0.496,0.0,1,0.0
9,37.4,748,decelerate,14.761,14.893,24.858,21.893,2.965,-0.132,1.669,24.858,14.761,2.965,-0.132,0.491,0.0,1,0.0
9,37.45,749,decelerate,14.567,14.899,24.846,21.899,2.947,-0.332,1.668,24.114,14.761,2.215,-0.137,0.391,0.0,0,0.05
9,37.5,750,decelerate,14.352,14.899,24.823,21.899,2.924,-0.547,1.666,23.369,14.761,1.47,-0.138,0.291,0.0,0,0.1
9,37.55,751,decelerate,14.146,14.88,24.789,21.88,2.91,-0.734,1.666,24.789,14.146,2.91,-0.734,0.463,0.0,1,0.0
9,37.6,752,decelerate,13.957,14.85,24.748,21.85,2.898,-0.893,1.667,24.046,14.146,2.197,-0.704,0.369,0.0,0,0.05
9,37.65,753,decelerate,13.778,14.823,24.699,21.823,2.876,-1.045,1.666,23.305,14.146,1.482,-0.677,0.275,0.0,0,0.1
9,37.7,754,decelerate,13.604,14.784,24.642,21.784,2.858,-1.18,1.667,22.565,14.146,0.781,-0.638,0.183,0.0,0,0.15
9,37.75,755,decelerate,13.431,14.723,24.58,21.723,2.857,-1.293,1.669,24.58,13.431,2.857,-1.293,0.438,0.0,1,0.0
9,37.8,756,decelerate,13.258,14.652,24.512,21.652,2.86,-1.394,1.673,24.512,13.258,2.86,-1.394,0.435,0.0,1,0.0
9,37.85,757,decelerate,13.085,14.6,24.439,21.6,2.839,-1.515,1.674,24.439,13.085,2.839,-1.515,0.428,0.0,1,0.0
9,37.9,758,decelerate,12.913,14.563,24.359,21.563,2.797,-1.65,1.673,24.359,12.913,2.797,-1.65,0.418,0.0,1,0.0
9,37.95,759,decelerate,12.741,14.533,24.272,21.533,2.739,-1.793,1.67,24.272,12.741,2.739,-1.793,0.405,0.0,1,0.0
9,38.0,760,decelerate,12.568,14.508,24.178,21.508,2.67,-1.94,1.667,24.178,12.568,2.67,-1.94,0.391,0.0,1,0.0
9,38.05,761,decelerate,12.396,14.483,24.077,21.483,2.594,-2.087,1.662,23.454,12.568,1.971,-1.914,0.299,0.0,0,0.05
9,38.1,762,decelerate,12.224,14.449,23.968,21.449,2.519,-2.225,1.659,23.968,12.224,2.519,-2.225,0.362,0.0,1,0.0
9,38.15,763,decelerate,12.051,14.408,23.853,21.408,2.445,-2.357,1.656,23.247,12.224,1.839,-2.184,0.272,0.0,0,0.05
9,38.2,764,decelerate,11.879,14.361,23.732,21.361,2.371,-2.482,1.653,22.528,12.224,1.168,-2.137,0.184,0.0,0,0.1
9,38.25,765,decelerate,11.706,14.296,23.604,21.296,2.308,-2.59,1.651,23.604,11.706,2.308,-2.59,0.321,0.0,1,0.0
9,38.3,766,decelerate,11.535,14.222,23.472,21.222,2.25,-2.686,1.65,23.472,11.535,2.25,-2.686,0.31,0.0,1,0.0
9,38.35,767,decelerate,11.361,14.153,23.334,21.153,2.181,-2.792,1.649,22.763,11.535,1.609,-2.618,0.227,0.0,0,0.05
9,38.4,768,decelerate,11.187,14.082,23.191,21.082,2.11,-2.895,1.647,22.057,11.535,0.975,-2.547,0.145,0.0,0,0.1
9,38.45,769,decelerate,11.134,13.997,23.047,20.997,2.049,-2.864,1.646,23.047,11.134,2.049,-2.864,0.278,0.0,1,0.0
9,38.5,770,decelerate,11.018,13.906,22.903,20.906,1.997,-2.888,1.647,22.35,11.134,1.443,-2.773,0.2,0.0,0,0.05
9,38.55,771,decelerate,10.757,13.817,22.757,20.817,1.94,-3.06,1.647,22.757,10.757,1.94,-3.06,0.257,0.0,1,0.0
9,38.6,772,decelerate,10.209,13.729,22.59,20.729,1.862,-3.52,1.645,22.59,10.209,1.862,-3.52,0.231,0.0,1,0.0
9,38.65,773,decelerate,9.792,13.642,22.403,20.642,1.761,-3.851,1.642,21.906,10.209,1.264,-3.434,0.154,0.0,0,0.05
9,38.7,774,decelerate,9.498,13.551,22.204,20.551,1.654,-4.053,1.639,21.227,10.209,0.676,-3.342,0.079,0.0,0,0.1
9,38.75,775,decelerate,9.33,13.445,21.999,20.445,1.554,-4.115,1.636,21.999,9.33,1.554,-4.115,0.17,0.0,1,0.0
9,38.8,776,decelerate,9.255,13.331,21.794,20.331,1.463,-4.076,1.635,21.794,9.255,1.463,-4.076,0.159,0.0,1,0.0
9,38.85,777,decelerate,9.244,13.221,21.593,20.221,1.373,-3.977,1.633,21.593,9.244,1.373,-3.977,0.15,0.0,1,0.0
9,38.9,778,decelerate,9.284,13.109,21.399,20.109,1.29,-3.826,1.632,21.399,9.284,1.29,-3.826,0.144,0.0,1,0.0
9,38.95,779,decelerate,9.35,12.999,21.213,19.999,1.214,-3.65,1.632,21.213,9.35,1.214,-3.65,0.14,0.0,1,0.0
9,39.0,780,decelerate,9.363,12.887,21.035,19.887,1.148,-3.524,1.632,21.035,9.363,1.148,-3.524,0.136,0.0,1,0.0
9,39.05,781,decelerate,9.28,12.775,20.86,19.775,1.085,-3.495,1.633,20.86,9.28,1.085,-3.495,0.128,0.0,1,0.0
9,39.1,782,decelerate,9.138,12.663,20.685,19.663,1.022,-3.525,1.634,20.685,9.138,1.022,-3.525,0.119,0.0,1,0.0
9,39.15,783,decelerate,8.955,12.547,20.507,19.547,0.96,-3.593,1.634,20.507,8.955,0.96,-3.593,0.108,0.0,1,0.0
9,39.2,784,decelerate,8.743,12.432,20.324,19.432,0.892,-3.69,1.635,20.324,8.743,0.892,-3.69,0.096,0.0,1,0.0
9,39.25,785,decelerate,8.513,12.314,20.136,19.314,0.822,-3.801,1.635,19.706,8.743,0.392,-3.571,0.033,0.0,0,0.05
9,39.3,786,decelerate,8.273,12.193,19.942,19.193,0.75,-3.92,1.636,19.094,8.743,-0.099,-3.45,0.0,0.021,0,0.1
9,39.35,787,decelerate,8.028,12.059,19.743,19.059,0.684,-4.032,1.637,19.743,8.028,0.684,-4.032,0.057,0.0,1,0.0
9,39.4,788,decelerate,7.782,11.925,19.538,18.925,0.613,-4.144,1.638,19.538,7.782,0.613,-4.144,0.044,0.0,1,0.0
9,39.45,789,decelerate,7.537,11.793,19.327,18.793,0.535,-4.256,1.639,19.327,7.537,0.535,-4.256,0.029,0.0,1,0.0
9,39.5,790,decelerate,7.333,11.66,19.112,18.66,0.452,-4.326,1.639,18.742,7.537,0.082,-4.123,0.0,0.02,0,0.05
9,39.55,791,decelerate,7.29,11.521,18.898,18.521,0.378,-4.231,1.64,18.163,7.537,-0.358,-3.984,0.0,0.06,0,0.1
9,39.6,792,decelerate,7.224,11.372,18.69,18.372,0.317,-4.148,1.643,18.69,7.224,0.317,-4.148,0.004,0.0,1,0.0
9,39.65,793,decelerate,6.7,11.231,18.47,18.231,0.239,-4.531,1.645,18.125,7.224,-0.106,-4.007,0.0,0.036,0,0.05
9,39.7,794,decelerate,5.683,11.127,18.211,18.127,0.084,-5.444,1.637,18.211,5.683,0.084,-5.444,0.0,0.053,1,0.0
9,39.75,795,decelerate,5.346,11.104,17.927,18.104,-0.178,-5.759,1.614,17.927,5.346,-0.178,-5.759,0.0,0.087,1,0.0
9,39.8,796,decelerate,5.116,11.079,17.633,18.079,-0.446,-5.963,1.592,17.633,5.116,-0.446,-5.963,0.0,0.119,1,0.0
9,39.85,797,decelerate,4.998,10.502,17.35,17.502,-0.152,-5.504,1.652,17.35,4.998,-0.152,-5.504,0.0,0.078,1,0.0
9,39.9,798,decelerate,5.03,10.052,17.091,17.052,0.039,-5.023,1.7,16.839,4.998,-0.214,-5.055,0.0,0.073,0,0.05
9,39.95,799,decelerate,5.104,9.671,16.852,16.671,0.181,-4.567,1.743,16.348,4.998,-0.323,-4.673,0.0,0.074,0,0.1
9,40.0,800,decelerate,5.174,9.338,16.638,16.338,0.3,-4.164,1.782,15.875,4.998,-0.464,-4.341,0.0,0.08,0,0.15
9,40.05,801,decelerate,5.15,9.049,16.438,16.049,0.389,-3.899,1.817,15.417,4.998,-0.632,-4.051,0.0,0.09,0,0.2
9,40.1,802,decelerate,5.152,8.785,16.251,15.785,0.466,-3.634,1.85,16.251,5.152,0.466,-3.634,0.041,0.0,1,0.0
9,40.15,803,decelerate,5.176,8.548,16.077,15.548,0.529,-3.372,1.881,15.819,5.152,0.271,-3.397,0.023,0.0,0,0.05
9,40.2,804,decelerate,5.162,8.328,15.915,15.328,0.588,-3.165,1.911,15.398,5.152,0.071,-3.176,0.003,0.0,0,0.1
9,40.25,805,decelerate,5.104,8.115,15.762,15.115,0.647,-3.011,1.942,14.988,5.152,-0.127,-2.963,0.0,0.012,0,0.15
9,40.3,806,decelerate,5.024,7.906,15.615,14.906,0.709,-2.882,1.975,15.615,5.024,0.709,-2.882,0.098,0.0,1,0.0
9,40.35,807,decelerate,4.974,7.707,15.475,14.707,0.768,-2.733,2.008,15.475,4.974,0.768,-2.733,0.111,0.0,1,0.0
9,40.4,808,decelerate,4.865,7.523,15.341,14.523,0.818,-2.659,2.039,15.341,4.865,0.818,-2.659,0.12,0.0,1,0.0
9,40.45,809,decelerate,4.689,7.352,15.208,14.352,0.856,-2.663,2.069,15.208,4.689,0.856,-2.663,0.125,0.0,1,0.0
9,40.5,810,decelerate,4.481,7.19,15.074,14.19,0.883,-2.71,2.096,15.074,4.481,0.883,-2.71,0.127,0.0,1,0.0
9,40.55,811,decelerate,4.259,7.037,14.936,14.037,0.899,-2.778,2.122,14.936,4.259,0.899,-2.778,0.127,0.0,1,0.0
9,40.6,812,decelerate,4.034,6.89,14.795,13.89,0.905,-2.856,2.147,14.795,4.034,0.905,-2.856,0.125,0.0,1,0.0
9,40.65,813,decelerate,3.812,6.748,14.649,13.748,0.902,-2.935,2.171,14.454,4.034,0.707,-2.714,0.104,0.0,0,0.05
9,40.7,814,decelerate,3.6,6.608,14.5,13.608,0.892,-3.008,2.194,14.5,3.6,0.892,-3.008,0.119,0.0,1,0.0
9,40.75,815,decelerate,3.402,6.471,14.348,13.471,0.876,-3.07,2.217,14.348,3.402,0.876,-3.07,0.115,0.0,1,0.0
9,40.8,816,decelerate,3.207,6.437,14.19,13.437,0.753,-3.23,2.204,14.19,3.207,0.753,-3.23,0.093,0.0,1,0.0
9,40.85,817,decelerate,3.018,6.434,14.023,13.434,0.589,-3.416,2.179,14.023,3.018,0.589,-3.416,0.065,0.0,1,0.0
9,40.9,818,decelerate,2.834,6.134,13.852,13.134,0.718,-3.3,2.258,13.852,2.834,0.718,-3.3,0.086,0.0,1,0.0
9,40.95,819,decelerate,2.656,5.695,13.696,12.695,1.001,-3.04,2.405,13.696,2.656,1.001,-3.04,0.132,0.0,1,0.0
9,41.0,820,decelerate,2.483,5.339,13.55,12.339,1.212,-2.856,2.538,13.423,2.656,1.084,-2.683,0.155,0.0,0,0.05
9,41.05,821,decelerate,2.317,5.096,13.41,12.096,1.313,-2.78,2.631,13.163,2.656,1.066,-2.441,0.161,0.0,0,0.1
9,41.1,822,decelerate,2.156,4.865,13.272,11.865,1.408,-2.709,2.728,13.272,2.156,1.408,-2.709,0.197,0.0,1,0.0
9,41.15,823,decelerate,2.001,4.65,13.139,11.65,1.489,-2.649,2.826,13.139,2.001,1.489,-2.649,0.21,0.0,1,0.0
9,41.2,824,decelerate,1.804,4.484,13.007,11.484,1.523,-2.68,2.901,12.912,2.001,1.428,-2.483,0.208,0.0,0,0.05
9,41.25,825,decelerate,0.602,4.349,12.842,11.349,1.493,-3.747,2.953,12.691,2.001,1.343,-2.348,0.201,0.0,0,0.1
9,41.3,826,decelerate,0.001,4.232,12.633,11.232,1.401,-4.231,2.985,12.633,0.001,1.401,-4.231,0.146,0.0,1,0.0
9,41.35,827,decelerate,0.001,4.119,12.425,11.119,1.305,-4.119,3.016,12.425,0.001,1.305,-4.119,0.137,0.0,1,0.0
9,41.4,828,decelerate,0.001,4.006,12.222,11.006,1.216,-4.005,3.051,12.222,0.001,1.216,-4.005,0.129,0.0,1,0.0
9,41.45,829,decelerate,0.001,3.891,12.026,10.891,1.134,-3.89,3.091,12.026,0.001,1.134,-3.89,0.122,0.0,1,0.0
9,41.5,830,decelerate,0.001,3.774,11.835,10.774,1.061,-3.773,3.136,11.835,0.001,1.061,-3.773,0.116,0.0,1,0.0
9,41.55,831,decelerate,0.001,3.656,11.65,10.656,0.994,-3.655,3.186,11.65,0.001,0.994,-3.655,0.111,0.0,1,0.0
9,41.6,832,decelerate,0.001,3.538,11.47,10.538,0.933,-3.537,3.242,11.47,0.001,0.933,-3.537,0.106,0.0,1,0.0
9,41.65,833,decelerate,0.0,3.42,11.297,10.42,0.877,-3.42,3.303,11.297,0.001,0.877,-3.419,0.103,0.0,0,0.05
9,41.7,834,decelerate,0.0,3.303,11.13,10.303,0.827,-3.303,3.37,11.13,0.001,0.827,-3.303,0.1,0.0,0,0.1
9,41.75,835,decelerate,0.0,3.187,10.968,10.187,0.781,-3.187,3.441,10.968,0.0,0.781,-3.187,0.098,0.0,1,0.0
9,41.8,836,decelerate,0.0,3.073,10.812,10.073,0.739,-3.073,3.518,10.812,0.0,0.739,-3.073,0.096,0.0,1,0.0
9,41.85,837,decelerate,0.0,2.961,10.662,9.961,0.701,-2.961,3.601,10.662,0.0,0.701,-2.961,0.095,0.0,1,0.0
9,41.9,838,decelerate,0.0,2.851,10.517,9.851,0.667,-2.85,3.69,10.517,0.0,0.667,-2.85,0.094,0.0,1,0.0
9,41.95,839,decelerate,0.0,2.742,10.378,9.742,0.636,-2.742,3.784,10.378,0.0,0.636,-2.742,0.093,0.0,1,0.0
9,42.0,840,decelerate,0.0,2.636,10.244,9.636,0.608,-2.636,3.885,10.244,0.0,0.608,-2.636,0.093,0.0,1,0.0
9,42.05,841,decelerate,0.0,2.533,10.115,9.533,0.582,-2.533,3.993,10.115,0.0,0.582,-2.533,0.093,0.0,1,0.0
9,42.1,842,decelerate,0.0,2.433,9.992,9.433,0.559,-2.433,4.107,9.992,0.0,0.559,-2.433,0.093,0.0,1,0.0
9,42.15,843,decelerate,0.0,2.335,9.873,9.335,0.538,-2.335,4.228,9.873,0.0,0.538,-2.335,0.094,0.0,0,0.05
9,42.2,844,decelerate,0.0,2.24,9.759,9.24,0.519,-2.24,4.356,9.759,0.0,0.519,-2.24,0.095,0.0,1,0.0
9,42.25,845,stopped,0.0,2.148,9.65,9.148,0.501,-2.148,4.492,9.65,0.0,0.501,-2.148,0.095,0.0,0,0.05
9,42.3,846,stopped,0.0,2.06,9.545,9.06,0.485,-2.06,4.634,9.545,0.0,0.485,-2.06,0.096,0.0,0,0.1
9,42.35,847,stopped,0.0,1.974,9.445,8.974,0.471,-1.974,4.785,9.445,0.0,0.471,-1.974,0.097,0.0,1,0.0
9,42.4,848,stopped,0.0,1.891,9.348,8.891,0.457,-1.891,4.943,9.348,0.0,0.457,-1.891,0.098,0.0,0,0.05
9,42.45,849,stopped,0.0,1.812,9.256,8.812,0.444,-1.812,5.108,9.256,0.0,0.444,-1.812,0.099,0.0,1,0.0
9,42.5,850,stopped,0.0,1.736,9.168,8.736,0.432,-1.736,5.281,9.168,0.0,0.432,-1.736,0.1,0.0,0,0.05
9,42.55,851,stopped,0.0,1.663,9.083,8.663,0.42,-1.663,5.462,9.083,0.0,0.42,-1.663,0.101,0.0,0,0.1
9,42.6,852,stopped,0.0,1.594,9.002,8.594,0.409,-1.594,5.649,9.002,0.0,0.409,-1.594,0.101,0.0,1,0.0
9,42.65,853,stopped,0.0,1.528,8.925,8.528,0.397,-1.528,5.841,8.925,0.0,0.397,-1.528,0.102,0.0,1,0.0
9,42.7,854,stopped,0.0,1.465,8.85,8.465,0.385,-1.465,6.04,8.85,0.0,0.385,-1.465,0.102,0.0,0,0.05
9,42.75,855,stopped,0.0,1.405,8.779,8.405,0.373,-1.405,6.246,8.779,0.0,0.373,-1.405,0.103,0.0,0,0.1
9,42.8,856,stopped,0.0,1.348,8.71,8.348,0.362,-1.348,6.459,8.71,0.0,0.362,-1.348,0.103,0.0,1,0.0
9,42.85,857,stopped,0.0,1.293,8.644,8.293,0.351,-1.293,6.683,8.644,0.0,0.351,-1.293,0.104,0.0,1,0.0
9,42.9,858,stopped,0.0,1.246,8.581,8.246,0.335,-1.246,6.887,8.581,0.0,0.335,-1.246,0.103,0.0,1,0.0
9,42.95,859,stopped,0.0,1.208,8.52,8.208,0.312,-1.208,7.054,8.52,0.0,0.312,-1.208,0.101,0.0,0,0.05
9,43.0,860,stopped,0.0,1.171,8.461,8.171,0.289,-1.171,7.223,8.461,0.0,0.289,-1.171,0.1,0.0,0,0.1
9,43.05,861,stopped,0.0,1.136,8.403,8.136,0.267,-1.136,7.398,8.403,0.0,0.267,-1.136,0.098,0.0,1,0.0
9,43.1,862,stopped,0.0,1.101,8.347,8.101,0.246,-1.101,7.582,8.347,0.0,0.246,-1.101,0.096,0.0,0,0.05
9,43.15,863,stopped,0.0,1.067,8.293,8.067,0.227,-1.067,7.776,8.293,0.0,0.227,-1.067,0.095,0.0,1,0.0
9,43.2,864,stopped,0.0,1.034,8.241,8.034,0.207,-1.034,7.972,8.241,0.0,0.207,-1.034,0.093,0.0,1,0.0
9,43.25,865,stopped,0.0,1.002,8.19,8.002,0.189,-1.002,8.177,8.19,0.0,0.189,-1.002,0.092,0.0,1,0.0
9,43.3,866,stopped,0.0,0.97,8.141,7.97,0.171,-0.97,8.392,8.141,0.0,0.171,-0.97,0.09,0.0,1,0.0
9,43.35,867,stopped,0.0,0.939,8.093,7.939,0.154,-0.939,8.619,8.093,0.0,0.154,-0.939,0.089,0.0,1,0.0
9,43.4,868,stopped,0.0,0.909,8.047,7.909,0.139,-0.909,8.857,8.047,0.0,0.139,-0.909,0.088,0.0,0,0.05
9,43.45,869,stopped,0.0,0.879,8.003,7.879,0.124,-0.879,9.107,8.003,0.0,0.124,-0.879,0.087,0.0,1,0.0
9,43.5,870,stopped,0.0,0.85,7.96,7.85,0.109,-0.85,9.359,7.96,0.0,0.109,-0.85,0.086,0.0,0,0.05
9,43.55,871,stopped,0.0,0.827,7.918,7.827,0.091,-0.827,9.575,7.918,0.0,0.091,-0.827,0.085,0.0,0,0.1
9,43.6,872,stopped,0.0,0.799,7.878,7.799,0.079,-0.799,9.855,7.878,0.0,0.079,-0.799,0.084,0.0,1,0.0
9,43.65,873,stopped,0.0,0.732,7.84,7.732,0.108,-0.732,10.713,7.84,0.0,0.108,-0.732,0.09,0.0,1,0.0
9,43.7,874,stopped,0.0,0.727,7.804,7.727,0.076,-0.727,10.728,7.804,0.0,0.076,-0.727,0.086,0.0,0,0.05
9,43.75,875,stopped,0.0,0.693,7.769,7.693,0.075,-0.693,11.207,7.769,0.0,0.075,-0.693,0.087,0.0,1,0.0
9,43.8,876,stopped,0.0,0.699,7.734,7.699,0.035,-0.699,11.059,7.734,0.0,0.035,-0.699,0.081,0.0,1,0.0
9,43.85,877,stopped,0.0,0.613,7.702,7.613,0.089,-0.613,12.566,7.702,0.0,0.089,-0.613,0.091,0.0,1,0.0
9,43.9,878,stopped,0.0,0.641,7.67,7.641,0.029,-0.641,11.957,7.67,0.0,0.029,-0.641,0.082,0.0,1,0.0
9,43.95,879,stopped,0.0,0.586,7.64,7.586,0.054,-0.586,13.03,7.64,0.0,0.054,-0.586,0.088,0.0,1,0.0
9,44.0,880,stopped,0.0,0.608,7.61,7.608,0.002,-0.608,12.518,7.61,0.0,0.002,-0.608,0.08,0.0,1,0.0
9,44.05,881,stopped,0.0,0.519,7.582,7.519,0.064,-0.519,14.615,7.582,0.0,0.064,-0.519,0.091,0.0,1,0.0
9,44.1,882,stopped,0.0,0.552,7.555,7.552,0.003,-0.552,13.684,7.555,0.0,0.003,-0.552,0.082,0.0,1,0.0
9,44.15,883,stopped,0.0,0.509,7.529,7.509,0.02,-0.509,14.786,7.529,0.0,0.02,-0.509,0.086,0.0,0,0.05
9,44.2,884,stopped,0.0,0.53,7.504,7.53,-0.027,-0.53,14.151,7.504,0.0,-0.027,-0.53,0.079,0.0,0,0.1
9,44.25,885,stopped,0.0,0.498,7.479,7.498,-0.019,-0.498,15.025,7.479,0.0,-0.019,-0.498,0.081,0.0,1,0.0
9,44.3,886,stopped,0.0,0.468,7.456,7.468,-0.012,-0.468,15.944,7.456,0.0,-0.012,-0.468,0.083,0.0,1,0.0
9,44.35,887,stopped,0.0,0.466,7.433,7.466,-0.032,-0.466,15.962,7.433,0.0,-0.032,-0.466,0.08,0.0,1,0.0
9,44.4,888,stopped,0.0,0.462,7.411,7.462,-0.051,-0.462,16.039,7.411,0.0,-0.051,-0.462,0.078,0.0,1,0.0
9,44.45,889,stopped,0.0,0.403,7.391,7.403,-0.013,-0.403,18.319,7.391,0.0,-0.013,-0.403,0.085,0.0,1,0.0
9,44.5,890,stopped,0.0,0.402,7.371,7.402,-0.031,-0.402,18.332,7.371,0.0,-0.031,-0.402,0.082,0.0,1,0.0
9,44.55,891,stopped,0.0,0.326,7.354,7.326,0.028,-0.326,22.553,7.354,0.0,0.028,-0.326,0.093,0.0,1,0.0
9,44.6,892,stopped,0.0,0.362,7.334,7.362,-0.028,-0.362,20.254,7.334,0.0,-0.028,-0.362,0.084,0.0,1,0.0
9,44.65,893,stopped,0.0,0.401,7.315,7.401,-0.086,-0.401,18.261,7.315,0.0,-0.086,-0.401,0.075,0.0,1,0.0
9,44.7,894,stopped,0.0,0.379,7.296,7.379,-0.083,-0.379,19.248,7.296,0.0,-0.083,-0.379,0.076,0.0,1,0.0
9,44.75,895,stopped,0.0,0.34,7.279,7.34,-0.061,-0.34,21.402,7.279,0.0,-0.061,-0.34,0.08,0.0,1,0.0
9,44.8,896,stopped,0.0,0.368,7.262,7.368,-0.105,-0.368,19.758,7.262,0.0,-0.105,-0.368,0.074,0.0,0,0.05
9,44.85,897,stopped,0.0,0.326,7.246,7.326,-0.08,-0.326,22.219,7.246,0.0,-0.08,-0.326,0.078,0.0,1,0.0
9,44.9,898,stopped,0.0,0.319,7.23,7.319,-0.088,-0.319,22.701,7.23,0.0,-0.088,-0.319,0.077,0.0,0,0.05
9,44.95,899,stopped,0.0,0.312,7.215,7.312,-0.097,-0.312,23.118,7.215,0.0,-0.097,-0.312,0.077,0.0,1,0.0
9,45.0,900,stopped,0.0,0.281,7.201,7.281,-0.08,-0.281,25.603,7.201,0.0,-0.08,-0.281,0.08,0.0,0,0.05
9,45.05,901,stopped,0.0,0.26,7.187,7.26,-0.073,-0.26,27.607,7.187,0.0,-0.073,-0.26,0.081,0.0,1,0.0
9,45.1,902,stopped,0.0,0.245,7.174,7.245,-0.071,-0.245,29.337,7.174,0.0,-0.071,-0.245,0.082,0.0,0,0.05
9,45.15,903,stopped,0.0,0.258,7.161,7.258,-0.097,-0.258,27.766,7.161,0.0,-0.097,-0.258,0.078,0.0,1,0.0
9,45.2,904,stopped,0.0,0.205,7.15,7.205,-0.055,-0.205,34.868,7.15,0.0,-0.055,-0.205,0.086,0.0,1,0.0
9,45.25,905,stopped,0.0,0.237,7.139,7.237,-0.098,-0.237,30.185,7.139,0.0,-0.098,-0.237,0.079,0.0,1,0.0
9,45.3,906,stopped,0.0,0.232,7.127,7.232,-0.105,-0.232,30.766,7.127,0.0,-0.105,-0.232,0.078,0.0,0,0.05
9,45.35,907,stopped,0.0,0.264,7.114,7.264,-0.15,-0.264,26.931,7.114,0.0,-0.15,-0.264,0.071,0.0,0,0.1
9,45.4,908,stopped,0.0,0.245,7.1,7.245,-0.144,-0.245,29.038,7.1,0.0,-0.144,-0.245,0.072,0.0,0,0.15
9,45.45,909,stopped,0.0,0.258,7.087,7.258,-0.171,-0.258,27.428,7.087,0.0,-0.171,-0.258,0.068,0.0,1,0.0
9,45.5,910,stopped,0.0,0.187,7.077,7.187,-0.11,-0.187,37.899,7.077,0.0,-0.11,-0.187,0.079,0.0,1,0.0
9,45.55,911,stopped,0.0,0.2,7.067,7.2,-0.133,-0.2,35.303,7.067,0.0,-0.133,-0.2,0.075,0.0,1,0.0
9,45.6,912,stopped,0.0,0.162,7.058,7.162,-0.104,-0.162,43.476,7.058,0.0,-0.104,-0.162,0.08,0.0,0,0.05
9,45.65,913,stopped,0.0,0.191,7.049,7.191,-0.142,-0.191,36.836,7.049,0.0,-0.142,-0.191,0.074,0.0,1,0.0
