episode,time_sec,tick,leader_phase,leader_speed_mps,follower_speed_mps,distance_m,desired_distance_m,spacing_error_m,relative_velocity_mps,throttle,brake
2,0.05,1,accelerate,0.0,0.0,12.825,7.0,5.825,0.0,0.778,0.0
2,0.1,2,accelerate,0.003,0.003,12.825,7.003,5.822,0.0,0.778,0.0
2,0.15,3,accelerate,0.001,0.001,12.825,7.001,5.824,0.0,0.779,0.0
2,0.2,4,accelerate,0.0,0.0,12.825,7.0,5.825,-0.0,0.78,0.0
2,0.25,5,accelerate,0.0,0.001,12.825,7.001,5.824,-0.0,0.781,0.0
2,0.3,6,accelerate,0.001,0.001,12.825,7.001,5.824,-0.0,0.782,0.0
2,0.35,7,accelerate,0.001,0.001,12.825,7.001,5.824,-0.0,0.783,0.0
2,0.4,8,accelerate,0.0,0.0,12.825,7.0,5.824,-0.0,0.784,0.0
2,0.45,9,accelerate,0.0,0.0,12.825,7.0,5.824,-0.0,0.785,0.0
2,0.5,10,accelerate,0.0,0.0,12.825,7.0,5.825,-0.0,0.786,0.0
2,0.55,11,accelerate,0.0,0.0,12.825,7.0,5.825,-0.0,0.787,0.0
2,0.6,12,accelerate,0.0,0.0,12.825,7.0,5.825,-0.0,0.788,0.0
2,0.65,13,accelerate,0.158,0.305,12.82,7.305,5.515,-0.146,0.743,0.0
2,0.7,14,accelerate,0.518,0.628,12.815,7.628,5.187,-0.11,0.701,0.0
2,0.75,15,accelerate,0.821,0.893,12.812,7.893,4.919,-0.072,0.668,0.0
2,0.8,16,accelerate,1.035,1.004,12.813,8.004,4.809,0.031,0.657,0.0
2,0.85,17,accelerate,1.162,1.118,12.816,8.118,4.698,0.045,0.644,0.0
2,0.9,18,accelerate,1.301,1.265,12.819,8.265,4.554,0.036,0.625,0.0
2,0.95,19,accelerate,1.417,1.369,12.822,8.369,4.453,0.048,0.613,0.0
2,1.0,20,accelerate,1.543,1.421,12.829,8.421,4.408,0.121,0.61,0.0
2,1.05,21,accelerate,1.645,1.5,12.838,8.5,4.338,0.144,0.602,0.0
2,1.1,22,accelerate,1.806,1.584,12.851,8.584,4.267,0.222,0.596,0.0
2,1.15,23,accelerate,1.917,1.712,12.864,8.712,4.151,0.205,0.581,0.0
2,1.2,24,accelerate,2.082,1.772,12.879,8.772,4.108,0.31,0.579,0.0
2,1.25,25,accelerate,2.228,1.863,12.899,8.863,4.035,0.365,0.572,0.0
2,1.3,26,accelerate,2.418,1.909,12.924,8.909,4.015,0.509,0.575,0.0
2,1.35,27,accelerate,2.584,1.993,12.954,8.993,3.961,0.592,0.571,0.0
2,1.4,28,accelerate,2.755,2.051,12.99,9.051,3.939,0.705,0.572,0.0
2,1.45,29,accelerate,2.842,2.144,13.028,9.144,3.884,0.699,0.565,0.0
2,1.5,30,accelerate,2.887,2.21,13.065,9.21,3.855,0.677,0.561,0.0
2,1.55,31,accelerate,2.886,2.307,13.099,9.307,3.792,0.58,0.55,0.0
2,1.6,32,accelerate,2.919,2.377,13.13,9.377,3.753,0.542,0.545,0.0
2,1.65,33,accelerate,2.98,2.458,13.159,9.458,3.701,0.522,0.538,0.0
2,1.7,34,accelerate,3.108,2.504,13.19,9.504,3.686,0.604,0.539,0.0
2,1.75,35,accelerate,3.256,2.583,13.224,9.583,3.641,0.673,0.536,0.0
2,1.8,36,accelerate,3.447,2.66,13.263,9.66,3.603,0.787,0.535,0.0
2,1.85,37,accelerate,3.624,2.755,13.307,9.755,3.552,0.869,0.532,0.0
2,1.9,38,accelerate,3.752,2.828,13.354,9.828,3.526,0.924,0.531,0.0
2,1.95,39,accelerate,3.783,2.919,13.4,9.919,3.482,0.864,0.523,0.0
2,2.0,40,accelerate,3.783,2.99,13.443,9.99,3.453,0.793,0.518,0.0
2,2.05,41,accelerate,3.797,3.076,13.481,10.076,3.405,0.721,0.509,0.0
2,2.1,42,accelerate,3.888,3.144,13.519,10.144,3.375,0.744,0.507,0.0
2,2.15,43,accelerate,4.026,3.225,13.559,10.225,3.333,0.8,0.504,0.0
2,2.2,44,accelerate,4.199,3.289,13.603,10.289,3.314,0.91,0.505,0.0
2,2.25,45,accelerate,4.381,3.367,13.653,10.367,3.286,1.014,0.506,0.0
2,2.3,46,accelerate,4.541,3.43,13.708,10.43,3.278,1.111,0.508,0.0
2,2.35,47,accelerate,4.619,3.506,13.765,10.506,3.259,1.112,0.506,0.0
2,2.4,48,accelerate,4.628,3.57,13.82,10.57,3.25,1.058,0.504,0.0
2,2.45,49,accelerate,4.627,3.645,13.872,10.645,3.227,0.982,0.499,0.0
2,2.5,50,accelerate,4.685,3.695,13.922,10.695,3.227,0.99,0.5,0.0
2,2.55,51,accelerate,4.803,3.764,13.973,10.764,3.209,1.039,0.499,0.0
2,2.6,52,accelerate,4.956,3.827,14.028,10.827,3.201,1.128,0.502,0.0
2,2.65,53,accelerate,5.128,3.896,14.089,10.896,3.192,1.231,0.505,0.0
2,2.7,54,accelerate,5.243,3.957,14.153,10.957,3.196,1.286,0.507,0.0
2,2.75,55,accelerate,5.09,4.024,14.211,11.024,3.187,1.065,0.499,0.0
2,2.8,56,accelerate,5.093,4.084,14.263,11.084,3.179,1.009,0.497,0.0
2,2.85,57,accelerate,5.0,4.148,14.309,11.148,3.161,0.852,0.49,0.0
2,2.9,58,accelerate,5.459,4.204,14.365,11.204,3.161,1.255,0.504,0.0
2,2.95,59,accelerate,5.818,4.25,14.439,11.25,3.188,1.568,0.518,0.0
2,3.0,60,accelerate,5.924,4.314,14.519,11.314,3.205,1.61,0.523,0.0
2,3.05,61,accelerate,5.894,4.381,14.597,11.381,3.215,1.512,0.521,0.0
2,3.1,62,accelerate,5.845,4.447,14.669,11.447,3.222,1.398,0.519,0.0
2,3.15,63,accelerate,5.815,4.515,14.736,11.515,3.221,1.3,0.516,0.0
2,3.2,64,accelerate,5.815,4.581,14.799,11.581,3.219,1.234,0.514,0.0
2,3.25,65,accelerate,5.848,4.646,14.86,11.646,3.215,1.202,0.513,0.0
2,3.3,66,accelerate,5.915,4.708,14.921,11.708,3.213,1.207,0.513,0.0
2,3.35,67,accelerate,6.014,4.756,14.983,11.756,3.227,1.259,0.518,0.0
2,3.4,68,accelerate,6.142,4.821,15.048,11.821,3.227,1.321,0.52,0.0
2,3.45,69,accelerate,6.136,4.885,15.112,11.885,3.227,1.251,0.518,0.0
2,3.5,70,accelerate,6.131,4.948,15.173,11.948,3.225,1.183,0.516,0.0
2,3.55,71,accelerate,6.633,5.01,15.242,12.01,3.232,1.623,0.533,0.0
2,3.6,72,accelerate,7.16,5.071,15.338,12.071,3.266,2.088,0.553,0.0
2,3.65,73,accelerate,7.555,4.996,15.457,11.996,3.461,2.559,0.595,0.0
2,3.7,74,accelerate,7.722,5.016,15.589,12.016,3.573,2.707,0.616,0.0
2,3.75,75,accelerate,7.703,5.094,15.722,12.094,3.627,2.609,0.62,0.0
2,3.8,76,accelerate,7.626,5.031,15.852,12.031,3.821,2.595,0.646,0.0
2,3.85,77,accelerate,7.518,5.055,15.979,12.055,3.924,2.463,0.656,0.0
2,3.9,78,accelerate,7.405,5.243,16.09,12.243,3.847,2.162,0.637,0.0
2,3.95,79,accelerate,7.305,5.215,16.196,12.215,3.981,2.09,0.653,0.0
2,4.0,80,accelerate,7.248,5.2,16.299,12.2,4.099,2.048,0.668,0.0
2,4.05,81,accelerate,7.239,5.203,16.401,12.203,4.198,2.036,0.682,0.0
2,4.1,82,accelerate,7.276,5.225,16.503,12.225,4.279,2.051,0.693,0.0
2,4.15,83,accelerate,7.341,5.276,16.606,12.276,4.33,2.064,0.701,0.0
2,4.2,84,accelerate,7.448,5.354,16.71,12.354,4.356,2.094,0.707,0.0
2,4.25,85,accelerate,7.583,5.454,16.816,12.454,4.362,2.129,0.709,0.0
2,4.3,86,accelerate,7.741,5.577,16.924,12.577,4.347,2.164,0.709,0.0
2,4.35,87,accelerate,7.905,5.716,17.032,12.716,4.316,2.189,0.707,0.0
2,4.4,88,accelerate,8.086,5.868,17.142,12.868,4.274,2.218,0.703,0.0
2,4.45,89,accelerate,8.279,5.891,17.257,12.891,4.366,2.388,0.721,0.0
2,4.5,90,accelerate,8.479,5.89,17.382,12.89,4.492,2.589,0.746,0.0
2,4.55,91,accelerate,8.672,6.273,17.51,13.273,4.238,2.399,0.706,0.0
2,4.6,92,accelerate,8.875,6.845,17.616,13.845,3.771,2.03,0.632,0.0
2,4.65,93,accelerate,9.083,7.265,17.709,14.265,3.444,1.818,0.582,0.0
2,4.7,94,accelerate,9.294,7.578,17.795,14.578,3.217,1.716,0.549,0.0
2,4.75,95,accelerate,9.471,7.753,17.878,14.753,3.125,1.718,0.537,0.0
2,4.8,96,accelerate,9.572,7.889,17.961,14.889,3.071,1.683,0.529,0.0
2,4.85,97,accelerate,9.588,8.003,18.039,15.003,3.036,1.585,0.522,0.0
2,4.9,98,accelerate,9.536,8.1,18.11,15.1,3.011,1.437,0.514,0.0
2,4.95,99,accelerate,9.505,8.183,18.174,15.183,2.991,1.322,0.508,0.0
2,5.0,100,accelerate,9.53,8.255,18.233,15.255,2.978,1.275,0.505,0.0
2,5.05,101,accelerate,9.595,8.318,18.292,15.318,2.974,1.276,0.505,0.0
2,5.1,102,accelerate,9.682,8.375,18.351,15.375,2.976,1.307,0.507,0.0
2,5.15,103,accelerate,9.807,8.426,18.411,15.426,2.985,1.381,0.511,0.0
2,5.2,104,accelerate,9.966,8.474,18.475,15.474,3.001,1.492,0.518,0.0
2,5.25,105,accelerate,10.118,8.521,18.544,15.521,3.023,1.598,0.525,0.0
2,5.3,106,accelerate,10.302,8.567,18.617,15.567,3.05,1.735,0.533,0.0
2,5.35,107,accelerate,10.492,8.614,18.696,15.614,3.083,1.878,0.543,0.0
2,5.4,108,accelerate,10.664,8.663,18.781,15.663,3.118,2.001,0.552,0.0
2,5.45,109,accelerate,10.69,8.715,18.866,15.715,3.15,1.975,0.556,0.0
2,5.5,110,accelerate,10.644,8.771,18.947,15.771,3.175,1.873,0.557,0.0
2,5.55,111,accelerate,10.944,8.83,19.031,15.83,3.201,2.113,0.569,0.0
2,5.6,112,accelerate,11.276,8.892,19.13,15.892,3.238,2.384,0.583,0.0
2,5.65,113,accelerate,11.476,8.958,19.237,15.958,3.278,2.518,0.594,0.0
2,5.7,114,accelerate,11.466,9.03,19.34,16.03,3.31,2.436,0.596,0.0
2,5.75,115,accelerate,11.413,9.107,19.436,16.107,3.328,2.305,0.594,0.0
2,5.8,116,accelerate,11.355,9.188,19.526,16.188,3.338,2.166,0.591,0.0
2,5.85,117,accelerate,11.294,9.272,19.609,16.272,3.337,2.022,0.587,0.0
2,5.9,118,accelerate,11.275,9.357,19.685,16.357,3.329,1.918,0.583,0.0
2,5.95,119,accelerate,11.316,9.438,19.758,16.438,3.32,1.878,0.581,0.0
2,6.0,120,accelerate,11.396,9.521,19.832,16.521,3.311,1.874,0.58,0.0
2,6.05,121,accelerate,11.469,9.604,19.907,16.604,3.303,1.865,0.58,0.0
2,6.1,122,accelerate,11.57,9.673,19.98,16.673,3.306,1.897,0.582,0.0
2,6.15,123,accelerate,11.639,9.754,20.05,16.754,3.296,1.885,0.58,0.0
2,6.2,124,accelerate,11.773,9.833,20.122,16.833,3.289,1.94,0.582,0.0
2,6.25,125,accelerate,11.913,9.912,20.199,16.912,3.287,2.001,0.584,0.0
2,6.3,126,accelerate,12.031,9.98,20.28,16.98,3.3,2.051,0.588,0.0
2,6.35,127,accelerate,12.157,10.058,20.361,17.058,3.302,2.099,0.591,0.0
2,6.4,128,accelerate,12.305,10.138,20.447,17.138,3.309,2.167,0.594,0.0
2,6.45,129,accelerate,12.41,10.205,20.535,17.205,3.33,2.205,0.599,0.0
2,6.5,130,accelerate,12.543,10.287,20.624,17.287,3.337,2.256,0.602,0.0
2,6.55,131,accelerate,12.688,10.374,20.718,17.374,3.344,2.313,0.606,0.0
2,6.6,132,accelerate,12.796,10.46,20.817,17.46,3.357,2.337,0.609,0.0
2,6.65,133,accelerate,12.924,10.533,20.916,17.533,3.383,2.391,0.614,0.0
2,6.7,134,accelerate,13.005,10.619,21.014,17.619,3.394,2.385,0.616,0.0
2,6.75,135,accelerate,13.139,10.715,21.112,17.715,3.398,2.424,0.619,0.0
2,6.8,136,accelerate,13.289,10.789,21.217,17.789,3.429,2.501,0.626,0.0
2,6.85,137,accelerate,13.401,10.884,21.324,17.884,3.44,2.517,0.629,0.0
2,6.9,138,accelerate,13.524,10.981,21.433,17.981,3.451,2.542,0.631,0.0
2,6.95,139,accelerate,13.598,11.061,21.539,18.061,3.478,2.537,0.635,0.0
2,7.0,140,accelerate,13.729,11.158,21.644,18.158,3.486,2.571,0.638,0.0
2,7.05,141,accelerate,13.878,11.265,21.756,18.265,3.491,2.613,0.641,0.0
2,7.1,142,accelerate,13.987,11.344,21.87,18.344,3.526,2.643,0.647,0.0
2,7.15,143,accelerate,14.108,11.448,21.984,18.448,3.535,2.66,0.649,0.0
2,7.2,144,accelerate,14.177,11.513,22.097,18.513,3.584,2.664,0.657,0.0
2,7.25,145,accelerate,14.301,11.492,22.213,18.492,3.72,2.808,0.68,0.0
2,7.3,146,accelerate,14.446,11.468,22.339,18.468,3.871,2.978,0.707,0.0
2,7.35,147,accelerate,14.541,11.873,22.463,18.873,3.59,2.668,0.66,0.0
2,7.4,148,accelerate,14.638,12.129,22.578,19.129,3.449,2.509,0.636,0.0
2,7.45,149,accelerate,14.677,12.343,22.685,19.343,3.341,2.333,0.616,0.0
2,7.5,150,accelerate,14.762,12.464,22.786,19.464,3.322,2.298,0.613,0.0
2,7.55,151,accelerate,14.873,12.603,22.89,19.603,3.288,2.271,0.608,0.0
2,7.6,152,accelerate,14.968,12.729,22.999,19.729,3.269,2.239,0.605,0.0
2,7.65,153,accelerate,15.096,12.807,23.112,19.807,3.305,2.29,0.612,0.0
2,7.7,154,accelerate,15.202,12.884,23.229,19.884,3.345,2.318,0.619,0.0
2,7.75,155,accelerate,15.338,12.975,23.353,19.975,3.378,2.363,0.625,0.0
2,7.8,156,accelerate,15.45,13.023,23.483,20.023,3.46,2.427,0.639,0.0
2,7.85,157,accelerate,15.552,13.096,23.619,20.096,3.523,2.456,0.649,0.0
2,7.9,158,accelerate,15.632,13.125,23.761,20.125,3.636,2.507,0.666,0.0
2,7.95,159,accelerate,15.689,13.209,23.905,20.209,3.696,2.48,0.674,0.0
2,8.0,160,accelerate,15.771,13.311,24.054,20.311,3.743,2.46,0.68,0.0
2,8.05,161,accelerate,15.866,13.38,24.207,20.38,3.826,2.486,0.693,0.0
2,8.1,162,accelerate,15.981,13.464,24.364,20.464,3.9,2.517,0.704,0.0
2,8.15,163,accelerate,16.008,13.505,24.523,20.505,4.018,2.503,0.719,0.0
2,8.2,164,accelerate,16.003,13.607,24.679,20.607,4.072,2.396,0.723,0.0
2,8.25,165,accelerate,16.106,13.732,24.834,20.732,4.102,2.374,0.726,0.0
2,8.3,166,accelerate,16.314,13.821,24.997,20.821,4.175,2.492,0.74,0.0
2,8.35,167,accelerate,16.49,13.927,25.164,20.927,4.237,2.563,0.75,0.0
2,8.4,168,accelerate,16.643,13.989,25.334,20.989,4.345,2.654,0.768,0.0
2,8.45,169,accelerate,16.774,14.112,25.505,21.112,4.393,2.662,0.774,0.0
2,8.5,170,accelerate,16.87,14.26,25.677,21.26,4.417,2.61,0.776,0.0
2,8.55,171,accelerate,16.934,14.371,25.846,21.371,4.475,2.563,0.782,0.0
2,8.6,172,accelerate,16.988,14.499,26.011,21.499,4.512,2.489,0.785,0.0
2,8.65,173,accelerate,17.05,14.58,26.17,21.58,4.59,2.47,0.794,0.0
2,8.7,174,accelerate,17.129,14.721,26.325,21.721,4.604,2.408,0.794,0.0
2,8.75,175,accelerate,17.219,14.813,26.475,21.813,4.662,2.405,0.802,0.0
2,8.8,176,accelerate,17.316,14.961,26.62,21.961,4.659,2.355,0.8,0.0
2,8.85,177,accelerate,17.417,15.056,26.761,22.056,4.705,2.361,0.806,0.0
2,8.9,178,accelerate,17.522,15.078,26.899,22.078,4.821,2.444,0.824,0.0
2,8.95,179,accelerate,17.629,15.081,27.042,22.081,4.961,2.548,0.846,0.0
2,9.0,180,accelerate,17.737,15.163,27.186,22.163,5.023,2.574,0.856,0.0
2,9.05,181,accelerate,17.846,15.403,27.324,22.403,4.92,2.443,0.837,0.0
2,9.1,182,accelerate,17.955,15.569,27.454,22.569,4.886,2.387,0.831,0.0
2,9.15,183,accelerate,18.065,15.756,27.58,22.756,4.824,2.31,0.82,0.0
2,9.2,184,accelerate,18.176,15.932,27.701,22.932,4.769,2.244,0.811,0.0
2,9.25,185,accelerate,18.286,16.066,27.819,23.066,4.753,2.22,0.808,0.0
2,9.3,186,accelerate,18.397,16.216,27.934,23.216,4.718,2.181,0.802,0.0
2,9.35,187,accelerate,18.508,16.327,28.047,23.327,4.72,2.181,0.802,0.0
2,9.4,188,accelerate,18.616,16.47,28.159,23.47,4.689,2.146,0.797,0.0
2,9.45,189,accelerate,18.718,16.595,28.268,23.595,4.672,2.123,0.794,0.0
2,9.5,190,accelerate,18.813,16.732,28.375,23.732,4.643,2.081,0.788,0.0
2,9.55,191,accelerate,18.904,16.853,28.48,23.853,4.626,2.051,0.785,0.0
2,9.6,192,accelerate,18.996,16.985,28.582,23.985,4.598,2.011,0.78,0.0
2,9.65,193,accelerate,19.092,17.113,28.683,24.113,4.57,1.978,0.775,0.0
2,9.7,194,accelerate,19.192,17.227,28.782,24.227,4.556,1.966,0.773,0.0
2,9.75,195,accelerate,19.297,17.352,28.881,24.352,4.529,1.944,0.769,0.0
2,9.8,196,cruise,19.403,17.471,28.978,24.471,4.508,1.932,0.765,0.0
2,9.85,197,cruise,19.509,17.592,29.075,24.592,4.482,1.917,0.762,0.0
2,9.9,198,cruise,19.615,17.709,29.171,24.709,4.461,1.906,0.758,0.0
2,9.95,199,cruise,19.722,17.828,29.266,24.828,4.438,1.895,0.755,0.0
2,10.0,200,cruise,19.831,17.943,29.361,24.943,4.418,1.888,0.752,0.0
2,10.05,201,cruise,19.933,18.058,29.455,25.058,4.397,1.874,0.749,0.0
2,10.1,202,cruise,20.007,18.171,29.548,25.171,4.377,1.836,0.745,0.0
2,10.15,203,cruise,20.016,18.283,29.637,25.283,4.353,1.733,0.738,0.0
2,10.2,204,cruise,19.955,18.393,29.719,25.393,4.325,1.561,0.729,0.0
2,10.25,205,cruise,19.867,18.502,29.791,25.502,4.289,1.365,0.717,0.0
2,10.3,206,cruise,19.781,18.607,29.853,25.607,4.246,1.174,0.705,0.0
2,10.35,207,cruise,19.73,18.709,29.907,25.709,4.198,1.021,0.694,0.0
2,10.4,208,cruise,19.73,18.807,29.955,25.807,4.148,0.924,0.684,0.0
2,10.45,209,cruise,19.767,18.901,29.999,25.901,4.099,0.867,0.675,0.0
2,10.5,210,cruise,19.828,18.99,30.042,25.99,4.052,0.838,0.668,0.0
2,10.55,211,cruise,19.899,19.076,30.083,26.076,4.007,0.823,0.662,0.0
2,10.6,212,cruise,19.954,19.157,30.124,26.157,3.967,0.796,0.655,0.0
2,10.65,213,cruise,19.966,19.236,30.162,26.236,3.926,0.73,0.648,0.0
2,10.7,214,cruise,19.933,19.312,30.195,26.312,3.883,0.621,0.638,0.0
2,10.75,215,cruise,19.875,19.385,30.222,26.385,3.837,0.49,0.628,0.0
2,10.8,216,cruise,19.817,19.454,30.243,26.454,3.789,0.363,0.617,0.0
2,10.85,217,cruise,19.785,19.52,30.258,26.52,3.738,0.265,0.607,0.0
2,10.9,218,cruise,19.794,19.581,30.27,26.581,3.689,0.213,0.599,0.0
2,10.95,219,cruise,19.836,19.638,30.28,26.638,3.641,0.198,0.592,0.0
2,11.0,220,cruise,19.893,19.692,30.29,26.692,3.598,0.201,0.586,0.0
2,11.05,221,cruise,19.936,19.743,30.3,26.743,3.557,0.193,0.581,0.0
2,11.1,222,cruise,19.945,19.79,30.308,26.79,3.518,0.155,0.574,0.0
2,11.15,223,cruise,19.918,19.835,30.314,26.835,3.479,0.083,0.567,0.0
2,11.2,224,cruise,19.872,19.877,30.316,26.877,3.439,-0.004,0.558,0.0
2,11.25,225,cruise,19.828,19.916,30.313,26.916,3.397,-0.087,0.55,0.0
2,11.3,226,cruise,19.806,19.951,30.307,26.951,3.355,-0.145,0.543,0.0
2,11.35,227,cruise,19.817,19.984,30.298,26.984,3.314,-0.167,0.536,0.0
2,11.4,228,cruise,19.853,20.014,30.29,27.014,3.276,-0.161,0.531,0.0
2,11.45,229,cruise,19.895,20.041,30.283,27.041,3.242,-0.146,0.527,0.0
2,11.5,230,cruise,19.923,20.065,30.276,27.065,3.21,-0.143,0.523,0.0
2,11.55,231,cruise,19.923,20.088,30.268,27.088,3.18,-0.165,0.519,0.0
2,11.6,232,cruise,19.899,20.108,30.258,27.108,3.15,-0.21,0.513,0.0
2,11.65,233,cruise,19.864,20.127,30.246,27.127,3.119,-0.263,0.507,0.0
2,11.7,234,cruise,19.835,20.143,30.232,27.143,3.089,-0.308,0.502,0.0
2,11.75,235,cruise,19.826,20.157,30.216,27.157,3.058,-0.332,0.497,0.0
2,11.8,236,cruise,19.839,20.17,30.199,27.17,3.029,-0.33,0.493,0.0
2,11.85,237,cruise,19.867,20.18,30.183,27.18,3.003,-0.313,0.49,0.0
2,11.9,238,cruise,19.894,20.188,30.168,27.188,2.98,-0.294,0.487,0.0
2,11.95,239,cruise,19.907,20.195,30.153,27.195,2.958,-0.288,0.485,0.0
2,12.0,240,cruise,19.902,20.201,30.139,27.201,2.938,-0.299,0.482,0.0
2,12.05,241,cruise,19.882,20.205,30.123,27.205,2.918,-0.323,0.478,0.0
2,12.1,242,cruise,19.86,20.209,30.106,27.209,2.898,-0.348,0.475,0.0
2,12.15,243,cruise,19.845,20.21,30.088,27.21,2.878,-0.365,0.472,0.0
2,12.2,244,cruise,19.845,20.211,30.07,27.211,2.859,-0.367,0.469,0.0
2,12.25,245,cruise,19.857,20.211,30.052,27.211,2.841,-0.354,0.467,0.0
2,12.3,246,cruise,19.875,20.209,30.035,27.209,2.826,-0.334,0.466,0.0
2,12.35,247,cruise,19.889,20.207,30.019,27.207,2.812,-0.317,0.464,0.0
2,12.4,248,cruise,19.893,20.203,30.003,27.203,2.8,-0.31,0.463,0.0
2,12.45,249,cruise,19.887,20.199,29.988,27.199,2.788,-0.313,0.461,0.0
2,12.5,250,cruise,19.873,20.195,29.972,27.195,2.777,-0.322,0.46,0.0
2,12.55,251,cruise,19.861,20.19,29.955,27.19,2.766,-0.329,0.458,0.0
2,12.6,252,cruise,19.855,20.184,29.939,27.184,2.755,-0.329,0.456,0.0
2,12.65,253,cruise,19.857,20.177,29.923,27.177,2.745,-0.32,0.455,0.0
2,12.7,254,cruise,19.867,20.171,29.907,27.171,2.736,-0.304,0.455,0.0
2,12.75,255,cruise,19.877,20.163,29.892,27.163,2.729,-0.286,0.454,0.0
2,12.8,256,cruise,19.884,20.155,29.879,27.155,2.723,-0.272,0.454,0.0
2,12.85,257,cruise,19.884,20.147,29.865,27.147,2.718,-0.264,0.454,0.0
2,12.9,258,cruise,19.878,20.139,29.852,27.139,2.713,-0.262,0.453,0.0
2,12.95,259,cruise,19.869,20.131,29.839,27.131,2.708,-0.261,0.452,0.0
2,13.0,260,cruise,19.863,20.122,29.826,27.122,2.704,-0.259,0.452,0.0
2,13.05,261,cruise,19.861,20.114,29.813,27.114,2.7,-0.252,0.452,0.0
2,13.1,262,cruise,19.865,20.105,29.801,27.105,2.696,-0.24,0.451,0.0
2,13.15,263,cruise,19.871,20.096,29.789,27.096,2.694,-0.225,0.452,0.0
2,13.2,264,cruise,19.877,20.087,29.779,27.087,2.692,-0.21,0.452,0.0
2,13.25,265,cruise,19.879,20.078,29.769,27.078,2.691,-0.198,0.452,0.0
2,13.3,266,cruise,19.878,20.069,29.759,27.069,2.69,-0.191,0.452,0.0
2,13.35,267,cruise,19.873,20.06,29.749,27.06,2.69,-0.186,0.452,0.0
2,13.4,268,cruise,19.869,20.051,29.74,27.051,2.689,-0.182,0.453,0.0
2,13.45,269,cruise,19.866,20.042,29.731,27.042,2.689,-0.176,0.453,0.0
2,13.5,270,cruise,19.866,20.033,29.723,27.033,2.689,-0.167,0.453,0.0
2,13.55,271,cruise,19.869,20.025,29.715,27.025,2.69,-0.156,0.453,0.0
2,13.6,272,cruise,19.873,20.016,29.707,27.016,2.691,-0.144,0.454,0.0
2,13.65,273,cruise,19.875,20.008,29.7,27.008,2.693,-0.132,0.455,0.0
2,13.7,274,cruise,19.876,20.0,29.694,27.0,2.694,-0.124,0.455,0.0
2,13.75,275,cruise,19.874,19.992,29.688,26.992,2.696,-0.117,0.456,0.0
2,13.8,276,cruise,19.872,19.984,29.682,26.984,2.698,-0.112,0.456,0.0
2,13.85,277,cruise,19.869,19.976,29.677,26.976,2.701,-0.107,0.456,0.0
2,13.9,278,cruise,19.868,19.969,29.672,26.969,2.703,-0.101,0.457,0.0
2,13.95,279,cruise,19.869,19.962,29.667,26.962,2.705,-0.093,0.458,0.0
2,14.0,280,cruise,19.871,19.955,29.663,26.955,2.708,-0.084,0.458,0.0
2,14.05,281,cruise,19.873,19.948,29.659,26.948,2.71,-0.075,0.459,0.0
2,14.1,282,cruise,19.874,19.942,29.655,26.942,2.713,-0.068,0.46,0.0
2,14.15,283,cruise,19.874,19.936,29.652,26.936,2.716,-0.062,0.46,0.0
2,14.2,284,cruise,19.873,19.93,29.649,26.93,2.719,-0.057,0.461,0.0
2,14.25,285,cruise,19.871,19.924,29.646,26.924,2.722,-0.053,0.461,0.0
2,14.3,286,cruise,19.87,19.918,29.644,26.918,2.725,-0.049,0.462,0.0
2,14.35,287,cruise,19.869,19.913,29.641,26.913,2.728,-0.044,0.462,0.0
2,14.4,288,cruise,19.87,19.908,29.639,26.908,2.731,-0.038,0.463,0.0
2,14.45,289,cruise,19.872,19.903,29.638,26.903,2.735,-0.032,0.464,0.0
2,14.5,290,cruise,19.873,19.898,29.636,26.898,2.738,-0.026,0.464,0.0
2,14.55,291,cruise,19.873,19.894,29.635,26.894,2.741,-0.021,0.465,0.0
2,14.6,292,cruise,19.873,19.89,29.634,26.89,2.744,-0.017,0.465,0.0
2,14.65,293,cruise,19.872,19.886,29.633,26.886,2.747,-0.014,0.466,0.0
2,14.7,294,cruise,19.871,19.882,29.632,26.882,2.75,-0.011,0.466,0.0
2,14.75,295,cruise,19.87,19.879,29.632,26.879,2.753,-0.009,0.467,0.0
2,14.8,296,cruise,19.87,19.876,29.632,26.876,2.756,-0.006,0.467,0.0
2,14.85,297,cruise,19.87,19.873,29.632,26.873,2.759,-0.003,0.468,0.0
2,14.9,298,cruise,19.871,19.87,29.632,26.87,2.762,0.001,0.468,0.0
2,14.95,299,cruise,19.872,19.867,29.632,26.867,2.765,0.005,0.469,0.0
2,15.0,300,cruise,19.873,19.865,29.632,26.865,2.768,0.008,0.469,0.0
2,15.05,301,cruise,19.873,19.862,29.633,26.862,2.77,0.01,0.47,0.0
2,15.1,302,cruise,19.872,19.86,29.633,26.86,2.773,0.012,0.47,0.0
2,15.15,303,cruise,19.871,19.859,29.634,26.859,2.776,0.013,0.47,0.0
2,15.2,304,cruise,19.87,19.857,29.635,26.857,2.778,0.014,0.471,0.0
2,15.25,305,cruise,19.87,19.855,29.635,26.855,2.78,0.015,0.471,0.0
2,15.3,306,cruise,19.871,19.854,29.636,26.854,2.782,0.017,0.472,0.0
2,15.35,307,cruise,19.871,19.853,29.637,26.853,2.785,0.019,0.472,0.0
2,15.4,308,cruise,19.872,19.851,29.638,26.851,2.787,0.021,0.472,0.0
2,15.45,309,cruise,19.872,19.85,29.639,26.85,2.789,0.022,0.473,0.0
2,15.5,310,cruise,19.872,19.85,29.64,26.85,2.791,0.023,0.473,0.0
2,15.55,311,cruise,19.872,19.849,29.641,26.849,2.793,0.023,0.473,0.0
2,15.6,312,cruise,19.871,19.848,29.643,26.848,2.794,0.023,0.473,0.0
2,15.65,313,cruise,19.871,19.848,29.644,26.848,2.796,0.023,0.474,0.0
2,15.7,314,cruise,19.871,19.847,29.645,26.847,2.798,0.024,0.474,0.0
2,15.75,315,cruise,19.871,19.847,29.646,26.847,2.799,0.024,0.474,0.0
2,15.8,316,cruise,19.872,19.847,29.647,26.847,2.801,0.025,0.474,0.0
2,15.85,317,cruise,19.872,19.847,29.648,26.847,2.802,0.025,0.474,0.0
2,15.9,318,cruise,19.872,19.847,29.65,26.847,2.803,0.026,0.475,0.0
2,15.95,319,cruise,19.872,19.847,29.651,26.847,2.805,0.025,0.475,0.0
2,16.0,320,cruise,19.872,19.847,29.652,26.847,2.806,0.025,0.475,0.0
2,16.05,321,cruise,19.871,19.847,29.654,26.847,2.807,0.024,0.475,0.0
2,16.1,322,cruise,19.871,19.848,29.655,26.848,2.807,0.023,0.475,0.0
2,16.15,323,cruise,19.871,19.849,29.656,26.849,2.808,0.023,0.475,0.0
2,16.2,324,cruise,19.871,19.849,29.658,26.849,2.809,0.023,0.475,0.0
2,16.25,325,cruise,19.872,19.849,29.659,26.849,2.81,0.023,0.475,0.0
2,16.3,326,cruise,19.872,19.849,29.659,26.849,2.81,0.022,0.475,0.0
2,16.35,327,cruise,19.872,19.849,29.66,26.849,2.811,0.022,0.476,0.0
2,16.4,328,cruise,19.872,19.85,29.661,26.85,2.812,0.022,0.476,0.0
2,16.45,329,cruise,19.871,19.85,29.662,26.85,2.812,0.021,0.476,0.0
2,16.5,330,cruise,19.871,19.851,29.663,26.851,2.813,0.021,0.476,0.0
2,16.55,331,cruise,19.871,19.851,29.664,26.851,2.813,0.02,0.476,0.0
2,16.6,332,cruise,19.871,19.852,29.666,26.852,2.814,0.02,0.476,0.0
2,16.65,333,cruise,19.871,19.852,29.666,26.852,2.814,0.019,0.476,0.0
2,16.7,334,cruise,19.872,19.853,29.667,26.853,2.815,0.019,0.476,0.0
2,16.75,335,cruise,19.872,19.853,29.668,26.853,2.815,0.019,0.476,0.0
2,16.8,336,cruise,19.872,19.854,29.669,26.854,2.816,0.018,0.476,0.0
2,16.85,337,cruise,19.872,19.854,29.67,26.854,2.816,0.017,0.476,0.0
2,16.9,338,cruise,19.871,19.855,29.671,26.855,2.816,0.017,0.476,0.0
2,16.95,339,cruise,19.871,19.855,29.672,26.855,2.817,0.016,0.476,0.0
2,17.0,340,cruise,19.871,19.856,29.673,26.856,2.817,0.015,0.476,0.0
2,17.05,341,cruise,19.871,19.857,29.673,26.857,2.817,0.015,0.476,0.0
2,17.1,342,cruise,19.871,19.857,29.674,26.857,2.817,0.014,0.476,0.0
2,17.15,343,cruise,19.872,19.858,29.675,26.858,2.817,0.013,0.476,0.0
2,17.2,344,cruise,19.872,19.859,29.676,26.859,2.817,0.013,0.476,0.0
2,17.25,345,cruise,19.872,19.859,29.676,26.859,2.817,0.012,0.476,0.0
2,17.3,346,cruise,19.868,19.86,29.677,26.86,2.817,0.007,0.476,0.0
2,17.35,347,cruise,19.868,19.861,29.677,26.861,2.816,0.008,0.476,0.0
2,17.4,348,cruise,19.848,19.861,29.677,26.861,2.815,-0.014,0.475,0.0
2,17.45,349,cruise,19.855,19.862,29.676,26.862,2.814,-0.007,0.475,0.0
2,17.5,350,cruise,19.849,19.862,29.675,26.862,2.813,-0.014,0.475,0.0
2,17.55,351,cruise,19.867,19.863,29.674,26.863,2.812,0.004,0.475,0.0
2,17.6,352,cruise,19.855,19.863,29.674,26.863,2.81,-0.008,0.474,0.0
2,17.65,353,cruise,19.841,19.863,29.67,26.863,2.807,-0.022,0.474,0.0
2,17.7,354,cruise,19.851,19.863,29.664,26.863,2.801,-0.012,0.473,0.0
2,17.75,355,cruise,19.868,19.863,29.66,26.863,2.797,0.005,0.473,0.0
2,17.8,356,cruise,19.838,19.863,29.656,26.863,2.792,-0.025,0.471,0.0
2,17.85,357,cruise,19.844,19.863,29.651,26.863,2.788,-0.019,0.471,0.0
2,17.9,358,cruise,19.869,19.862,29.645,26.862,2.783,0.006,0.471,0.0
2,17.95,359,cruise,19.892,19.861,29.638,26.861,2.777,0.03,0.471,0.0
2,18.0,360,cruise,19.9,19.861,29.632,26.861,2.771,0.04,0.471,0.0
2,18.05,361,cruise,19.889,19.86,29.625,26.86,2.766,0.03,0.47,0.0
2,18.1,362,cruise,19.863,19.858,29.618,26.858,2.76,0.005,0.468,0.0
2,18.15,363,cruise,19.849,19.857,29.611,26.857,2.754,-0.008,0.467,0.0
2,18.2,364,cruise,19.833,19.855,29.604,26.855,2.749,-0.022,0.466,0.0
2,18.25,365,cruise,19.847,19.853,29.599,26.853,2.746,-0.006,0.466,0.0
2,18.3,366,cruise,19.853,19.851,29.597,26.851,2.746,0.002,0.466,0.0
2,18.35,367,cruise,19.879,19.848,29.597,26.848,2.749,0.031,0.468,0.0
2,18.4,368,cruise,19.884,19.845,29.599,26.845,2.754,0.039,0.468,0.0
2,18.45,369,cruise,19.892,19.843,29.603,26.843,2.76,0.049,0.47,0.0
2,18.5,370,cruise,19.876,19.84,29.608,26.84,2.768,0.035,0.47,0.0
2,18.55,371,cruise,19.868,19.838,29.614,26.838,2.775,0.029,0.471,0.0
2,18.6,372,cruise,19.851,19.837,29.62,26.837,2.783,0.014,0.472,0.0
2,18.65,373,cruise,19.853,19.835,29.626,26.835,2.79,0.018,0.473,0.0
2,18.7,374,cruise,19.856,19.834,29.632,26.834,2.798,0.021,0.474,0.0
2,18.75,375,cruise,19.871,19.833,29.64,26.833,2.806,0.038,0.475,0.0
2,18.8,376,cruise,19.879,19.829,29.648,26.829,2.819,0.05,0.478,0.0
2,18.85,377,cruise,19.886,19.829,29.656,26.829,2.827,0.058,0.479,0.0
2,18.9,378,cruise,19.882,19.806,29.664,26.806,2.858,0.075,0.484,0.0
2,18.95,379,cruise,19.875,19.808,29.672,26.808,2.864,0.068,0.484,0.0
2,19.0,380,cruise,19.865,19.789,29.679,26.789,2.889,0.076,0.488,0.0
2,19.05,381,cruise,19.861,19.791,29.684,26.791,2.893,0.07,0.488,0.0
2,19.1,382,cruise,19.86,19.764,29.689,26.764,2.925,0.096,0.493,0.0
2,19.15,383,cruise,19.866,19.741,29.695,26.741,2.954,0.126,0.498,0.0
2,19.2,384,cruise,19.873,19.733,29.703,26.733,2.97,0.14,0.501,0.0
2,19.25,385,cruise,19.879,19.73,29.709,26.73,2.979,0.149,0.502,0.0
2,19.3,386,cruise,19.88,19.684,29.714,26.684,3.029,0.196,0.51,0.0
2,19.35,387,cruise,19.877,19.677,29.718,26.677,3.042,0.201,0.512,0.0
2,19.4,388,cruise,19.872,19.684,29.725,26.684,3.041,0.187,0.512,0.0
2,19.45,389,cruise,19.867,19.692,29.732,26.692,3.04,0.174,0.511,0.0
2,19.5,390,cruise,19.865,19.701,29.74,26.701,3.04,0.164,0.511,0.0
2,19.55,391,cruise,19.866,19.706,29.749,26.706,3.044,0.16,0.511,0.0
2,19.6,392,cruise,19.87,19.706,29.759,26.706,3.053,0.163,0.513,0.0
2,19.65,393,cruise,19.874,19.717,29.77,26.717,3.053,0.157,0.512,0.0
2,19.7,394,cruise,19.876,19.716,29.781,26.716,3.065,0.16,0.514,0.0
2,19.75,395,cruise,19.876,19.73,29.792,26.73,3.062,0.146,0.513,0.0
2,19.8,396,cruise,19.874,19.726,29.802,26.726,3.077,0.148,0.515,0.0
2,19.85,397,cruise,19.87,19.74,29.812,26.74,3.072,0.13,0.514,0.0
2,19.9,398,cruise,19.868,19.741,29.822,26.741,3.081,0.127,0.515,0.0
2,19.95,399,cruise,19.867,19.755,29.83,26.755,3.075,0.112,0.514,0.0
2,20.0,400,cruise,19.869,19.757,29.838,26.757,3.081,0.112,0.515,0.0
2,20.05,401,cruise,19.871,19.772,29.845,26.772,3.073,0.099,0.513,0.0
2,20.1,402,cruise,19.868,19.775,29.851,26.775,3.076,0.093,0.513,0.0
2,20.15,403,cruise,19.87,19.79,29.857,26.79,3.067,0.081,0.512,0.0
2,20.2,404,cruise,19.86,19.796,29.861,26.796,3.065,0.064,0.511,0.0
2,20.25,405,cruise,19.843,19.81,29.864,26.81,3.053,0.033,0.508,0.0
2,20.3,406,cruise,19.855,19.818,29.865,26.818,3.047,0.037,0.507,0.0
2,20.35,407,cruise,19.855,19.832,29.866,26.832,3.034,0.023,0.505,0.0
2,20.4,408,cruise,19.874,19.841,29.867,26.841,3.026,0.033,0.505,0.0
2,20.45,409,cruise,19.868,19.853,29.867,26.853,3.014,0.015,0.502,0.0
2,20.5,410,cruise,19.822,19.862,29.864,26.862,3.001,-0.04,0.499,0.0
2,20.55,411,cruise,19.829,19.874,29.858,26.874,2.984,-0.045,0.496,0.0
2,20.6,412,cruise,19.828,19.882,29.851,26.882,2.969,-0.054,0.494,0.0
2,20.65,413,cruise,19.868,19.891,29.843,26.891,2.952,-0.024,0.493,0.0
2,20.7,414,cruise,19.873,19.899,29.835,26.899,2.936,-0.025,0.491,0.0
2,20.75,415,cruise,19.896,19.906,29.826,26.906,2.919,-0.01,0.489,0.0
2,20.8,416,cruise,19.871,19.913,29.814,26.913,2.902,-0.042,0.485,0.0
2,20.85,417,cruise,19.786,19.919,29.796,26.919,2.878,-0.132,0.479,0.0
2,20.9,418,cruise,19.769,19.923,29.773,26.923,2.85,-0.154,0.475,0.0
2,20.95,419,cruise,19.757,19.927,29.746,26.927,2.82,-0.17,0.47,0.0
2,21.0,420,cruise,19.811,19.928,29.719,26.928,2.791,-0.117,0.468,0.0
2,21.05,421,cruise,19.839,19.929,29.692,26.929,2.763,-0.09,0.465,0.0
2,21.1,422,cruise,19.832,19.928,29.661,26.928,2.733,-0.096,0.461,0.0
2,21.15,423,cruise,19.877,19.926,29.628,26.926,2.702,-0.049,0.459,0.0
2,21.2,424,cruise,19.877,19.922,29.595,26.922,2.672,-0.046,0.455,0.0
2,21.25,425,cruise,19.898,19.918,29.561,26.918,2.642,-0.02,0.452,0.0
2,21.3,426,cruise,19.86,19.912,29.525,26.912,2.613,-0.052,0.447,0.0
2,21.35,427,cruise,19.768,19.905,29.483,26.905,2.577,-0.138,0.439,0.0
2,21.4,428,cruise,19.752,19.897,29.437,26.897,2.541,-0.145,0.434,0.0
2,21.45,429,cruise,19.733,19.886,29.39,26.886,2.504,-0.153,0.429,0.0
2,21.5,430,cruise,19.785,19.873,29.346,26.873,2.473,-0.089,0.427,0.0
2,21.55,431,cruise,19.806,19.859,29.306,26.859,2.447,-0.053,0.424,0.0
2,21.6,432,cruise,19.799,19.838,29.264,26.838,2.426,-0.039,0.422,0.0
2,21.65,433,cruise,19.862,19.822,29.227,26.822,2.406,0.04,0.422,0.0
2,21.7,434,cruise,19.885,19.792,29.194,26.792,2.403,0.093,0.423,0.0
2,21.75,435,cruise,19.927,19.753,29.166,26.753,2.413,0.174,0.428,0.0
2,21.8,436,cruise,19.89,19.735,29.142,26.735,2.407,0.155,0.426,0.0
2,21.85,437,cruise,19.787,19.699,29.116,26.699,2.417,0.088,0.425,0.0
2,21.9,438,cruise,19.751,19.681,29.091,26.681,2.41,0.07,0.424,0.0
2,21.95,439,cruise,19.725,19.642,29.068,26.642,2.426,0.083,0.426,0.0
2,22.0,440,cruise,19.769,19.624,29.054,26.624,2.429,0.145,0.429,0.0
2,22.05,441,cruise,19.797,19.578,29.047,26.578,2.469,0.219,0.437,0.0
2,22.1,442,cruise,19.875,19.49,29.05,26.49,2.56,0.385,0.454,0.0
2,22.15,443,cruise,19.909,19.456,29.06,26.456,2.605,0.454,0.462,0.0
2,22.2,444,cruise,19.95,19.407,29.079,26.407,2.671,0.542,0.474,0.0
2,22.25,445,cruise,19.915,19.397,29.103,26.397,2.706,0.518,0.478,0.0
2,22.3,446,cruise,19.883,19.359,29.133,26.359,2.774,0.525,0.487,0.0
2,22.35,447,cruise,19.814,19.353,29.166,26.353,2.813,0.46,0.49,0.0
2,22.4,448,cruise,19.721,19.318,29.198,26.318,2.88,0.403,0.497,0.0
2,22.45,449,cruise,19.719,19.236,29.232,26.236,2.996,0.484,0.516,0.0
2,22.5,450,cruise,19.739,19.217,29.269,26.217,3.051,0.522,0.524,0.0
2,22.55,451,cruise,19.807,19.177,29.313,26.177,3.136,0.63,0.539,0.0
2,22.6,452,cruise,19.859,19.184,29.364,26.184,3.18,0.675,0.546,0.0
2,22.65,453,cruise,19.931,19.157,29.422,26.157,3.264,0.774,0.561,0.0
2,22.7,454,cruise,19.947,19.172,29.485,26.172,3.312,0.775,0.567,0.0
2,22.75,455,cruise,19.942,19.153,29.551,26.153,3.398,0.789,0.579,0.0
2,22.8,456,cruise,19.873,19.09,29.616,26.09,3.527,0.783,0.596,0.0
2,22.85,457,cruise,19.823,19.096,29.681,26.096,3.585,0.727,0.602,0.0
2,22.9,458,cruise,19.767,19.08,29.743,26.08,3.663,0.688,0.611,0.0
2,22.95,459,cruise,19.776,19.114,29.804,26.114,3.69,0.663,0.614,0.0
2,23.0,460,cruise,19.791,19.111,29.866,26.111,3.756,0.68,0.623,0.0
2,23.05,461,cruise,19.855,19.151,29.931,26.151,3.779,0.704,0.627,0.0
2,23.1,462,cruise,19.898,19.154,29.997,26.154,3.843,0.744,0.637,0.0
2,23.15,463,cruise,19.906,19.11,30.061,26.11,3.951,0.796,0.653,0.0
2,23.2,464,cruise,19.919,19.136,30.124,26.136,3.988,0.783,0.658,0.0
2,23.25,465,cruise,19.894,19.139,30.184,26.139,4.045,0.755,0.664,0.0
2,23.3,466,cruise,19.869,19.194,30.241,26.194,4.047,0.675,0.662,0.0
2,23.35,467,cruise,19.825,19.206,30.293,26.206,4.087,0.62,0.666,0.0
2,23.4,468,cruise,19.819,19.263,30.341,26.263,4.078,0.556,0.662,0.0
2,23.45,469,cruise,19.806,19.277,30.385,26.277,4.108,0.53,0.665,0.0
2,23.5,470,cruise,19.847,19.271,30.426,26.271,4.155,0.576,0.673,0.0
2,23.55,471,cruise,19.87,19.327,30.465,26.327,4.138,0.543,0.67,0.0
2,23.6,472,cruise,19.909,19.363,30.502,26.363,4.139,0.546,0.67,0.0
2,23.65,473,cruise,19.902,19.435,30.536,26.435,4.101,0.467,0.662,0.0
2,23.7,474,cruise,19.897,19.468,30.567,26.468,4.099,0.429,0.661,0.0
2,23.75,475,cruise,19.856,19.539,30.593,26.539,4.054,0.317,0.651,0.0
2,23.8,476,cruise,19.839,19.573,30.614,26.573,4.042,0.267,0.648,0.0
2,23.85,477,cruise,19.814,19.642,30.632,26.642,3.99,0.172,0.638,0.0
2,23.9,478,cruise,19.835,19.678,30.648,26.678,3.97,0.158,0.635,0.0
2,23.95,479,cruise,19.845,19.744,30.661,26.744,3.917,0.102,0.626,0.0
2,24.0,480,cruise,19.862,19.773,30.672,26.773,3.899,0.089,0.623,0.0
2,24.05,481,cruise,19.896,19.834,30.683,26.834,3.849,0.062,0.615,0.0
2,24.1,482,cruise,19.906,19.86,30.693,26.86,3.833,0.046,0.613,0.0
2,24.15,483,cruise,19.904,19.853,30.702,26.853,3.849,0.051,0.615,0.0
2,24.2,484,cruise,19.875,19.9,30.708,26.9,3.808,-0.025,0.607,0.0
2,24.25,485,cruise,19.854,19.935,30.71,26.935,3.776,-0.081,0.601,0.0
2,24.3,486,cruise,19.815,19.987,30.709,26.987,3.722,-0.172,0.591,0.0
2,24.35,487,cruise,19.75,20.011,30.701,27.011,3.69,-0.261,0.583,0.0
2,24.4,488,cruise,19.656,20.057,30.683,27.057,3.626,-0.401,0.57,0.0
2,24.45,489,cruise,19.655,20.073,30.659,27.073,3.586,-0.418,0.564,0.0
2,24.5,490,cruise,19.721,20.113,30.634,27.113,3.521,-0.392,0.556,0.0
2,24.55,491,cruise,19.808,20.12,30.611,27.12,3.491,-0.312,0.555,0.0
2,24.6,492,cruise,19.895,20.153,30.592,27.153,3.439,-0.258,0.55,0.0
2,24.65,493,cruise,19.966,20.155,30.575,27.155,3.42,-0.189,0.55,0.0
2,24.7,494,cruise,19.988,20.147,30.558,27.147,3.411,-0.159,0.55,0.0
2,24.75,495,cruise,19.952,20.175,30.54,27.175,3.364,-0.224,0.541,0.0
2,24.8,496,cruise,19.882,20.188,30.518,27.188,3.33,-0.306,0.534,0.0
2,24.85,497,cruise,19.809,20.213,30.493,27.213,3.28,-0.404,0.524,0.0
2,24.9,498,cruise,19.762,20.214,30.466,27.214,3.252,-0.452,0.519,0.0
2,24.95,499,cruise,19.748,20.234,30.441,27.234,3.207,-0.486,0.511,0.0
2,25.0,500,cruise,19.786,20.22,30.42,27.22,3.2,-0.434,0.512,0.0
2,25.05,501,cruise,19.83,20.235,30.404,27.235,3.169,-0.405,0.509,0.0
2,25.1,502,cruise,19.901,20.223,30.394,27.223,3.171,-0.322,0.512,0.0
2,25.15,503,cruise,19.945,20.236,30.39,27.236,3.154,-0.292,0.511,0.0
2,25.2,504,cruise,19.957,20.224,30.389,27.224,3.165,-0.267,0.513,0.0
2,25.25,505,cruise,19.917,20.208,30.389,27.208,3.181,-0.291,0.514,0.0
2,25.3,506,cruise,19.865,20.221,30.388,27.221,3.167,-0.356,0.51,0.0
2,25.35,507,cruise,19.807,20.216,30.384,27.216,3.168,-0.41,0.509,0.0
2,25.4,508,cruise,19.786,20.228,30.379,27.228,3.151,-0.442,0.505,0.0
2,25.45,509,cruise,19.796,20.217,30.375,27.217,3.158,-0.42,0.507,0.0
2,25.5,510,cruise,19.846,20.228,30.372,27.228,3.144,-0.382,0.506,0.0
2,25.55,511,cruise,19.898,20.216,30.371,27.216,3.155,-0.318,0.51,0.0
2,25.6,512,cruise,19.939,20.227,30.372,27.227,3.144,-0.288,0.51,0.0
2,25.65,513,cruise,19.94,20.224,30.372,27.224,3.148,-0.284,0.51,0.0
2,25.7,514,cruise,19.911,20.235,30.371,27.235,3.136,-0.324,0.507,0.0
2,25.75,515,cruise,19.864,20.236,30.366,27.236,3.131,-0.372,0.505,0.0
2,25.8,516,cruise,19.824,20.247,30.358,27.247,3.111,-0.423,0.501,0.0
2,25.85,517,cruise,19.806,20.231,30.348,27.231,3.117,-0.425,0.501,0.0
2,25.9,518,cruise,19.822,20.168,30.337,27.168,3.169,-0.346,0.511,0.0
2,25.95,519,cruise,19.859,20.045,30.329,27.045,3.283,-0.186,0.532,0.0
2,26.0,520,cruise,19.901,19.989,30.325,26.989,3.335,-0.089,0.542,0.0
2,26.05,521,cruise,19.924,19.99,30.321,26.99,3.331,-0.066,0.542,0.0
2,26.1,522,cruise,19.92,20.007,30.315,27.007,3.309,-0.087,0.538,0.0
2,26.15,523,cruise,19.893,20.021,30.308,27.021,3.286,-0.128,0.534,0.0
2,26.2,524,cruise,19.859,20.032,30.297,27.032,3.265,-0.174,0.53,0.0
2,26.25,525,cruise,19.833,20.042,30.285,27.042,3.243,-0.21,0.525,0.0
2,26.3,526,cruise,19.827,20.053,30.273,27.053,3.22,-0.226,0.522,0.0
2,26.35,527,cruise,19.843,20.065,30.261,27.065,3.195,-0.222,0.519,0.0
2,26.4,528,cruise,19.871,20.079,30.25,27.079,3.171,-0.208,0.516,0.0
2,26.45,529,cruise,19.897,20.083,30.242,27.083,3.159,-0.187,0.515,0.0
2,26.5,530,cruise,19.907,20.099,30.234,27.099,3.135,-0.192,0.512,0.0
2,26.55,531,cruise,19.899,20.099,30.227,27.099,3.128,-0.2,0.51,0.0
2,26.6,532,cruise,19.879,20.114,30.218,27.114,3.104,-0.235,0.506,0.0
2,26.65,533,cruise,19.857,20.118,30.208,27.118,3.09,-0.26,0.503,0.0
2,26.7,534,cruise,19.844,20.129,30.196,27.129,3.067,-0.285,0.499,0.0
2,26.75,535,cruise,19.846,20.128,30.184,27.128,3.056,-0.282,0.498,0.0
2,26.8,536,cruise,19.86,20.138,30.172,27.138,3.034,-0.279,0.495,0.0
2,26.85,537,cruise,19.877,20.135,30.161,27.135,3.026,-0.257,0.495,0.0
2,26.9,538,cruise,19.891,20.143,30.15,27.143,3.007,-0.252,0.492,0.0
2,26.95,539,cruise,19.893,20.141,30.139,27.141,2.998,-0.248,0.491,0.0
2,27.0,540,cruise,19.885,20.148,30.127,27.148,2.98,-0.263,0.489,0.0
2,27.05,541,cruise,19.871,20.146,30.115,27.146,2.968,-0.275,0.487,0.0
2,27.1,542,cruise,19.859,20.152,30.101,27.152,2.949,-0.293,0.483,0.0
2,27.15,543,cruise,19.855,20.151,30.087,27.151,2.936,-0.297,0.482,0.0
2,27.2,544,cruise,19.859,20.155,30.073,27.155,2.918,-0.296,0.479,0.0
2,27.25,545,cruise,19.868,20.154,30.059,27.154,2.905,-0.286,0.478,0.0
2,27.3,546,cruise,19.878,20.156,30.045,27.156,2.889,-0.278,0.476,0.0
2,27.35,547,cruise,19.884,20.155,30.032,27.155,2.877,-0.271,0.475,0.0
2,27.4,548,cruise,19.883,20.155,30.019,27.155,2.863,-0.272,0.473,0.0
2,27.45,549,cruise,19.877,20.154,30.005,27.154,2.851,-0.277,0.471,0.0
2,27.5,550,cruise,19.868,20.153,29.991,27.153,2.838,-0.285,0.469,0.0
2,27.55,551,cruise,19.863,20.151,29.977,27.151,2.826,-0.288,0.467,0.0
2,27.6,552,cruise,19.862,20.148,29.963,27.148,2.814,-0.287,0.466,0.0
2,27.65,553,cruise,19.866,20.145,29.949,27.145,2.804,-0.279,0.464,0.0
2,27.7,554,cruise,19.872,20.142,29.935,27.142,2.793,-0.27,0.463,0.0
2,27.75,555,cruise,19.877,20.137,29.922,27.137,2.784,-0.26,0.463,0.0
2,27.8,556,cruise,19.879,20.133,29.909,27.133,2.776,-0.254,0.462,0.0
2,27.85,557,cruise,19.877,20.128,29.897,27.128,2.768,-0.251,0.461,0.0
2,27.9,558,cruise,19.873,20.123,29.884,27.123,2.761,-0.25,0.46,0.0
2,27.95,559,cruise,19.868,20.117,29.872,27.117,2.754,-0.249,0.459,0.0
2,28.0,560,cruise,19.866,20.112,29.859,27.112,2.748,-0.246,0.458,0.0
2,28.05,561,cruise,19.866,20.105,29.847,27.105,2.742,-0.239,0.458,0.0
2,28.1,562,cruise,19.869,20.099,29.836,27.099,2.736,-0.23,0.457,0.0
2,28.15,563,cruise,19.873,20.092,29.824,27.092,2.732,-0.219,0.457,0.0
2,28.2,564,cruise,19.876,20.086,29.814,27.086,2.728,-0.21,0.457,0.0
2,28.25,565,cruise,19.876,20.079,29.803,27.079,2.725,-0.203,0.457,0.0
2,28.3,566,cruise,19.874,20.072,29.794,27.072,2.722,-0.198,0.456,0.0
2,28.35,567,cruise,19.871,20.064,29.784,27.064,2.719,-0.193,0.456,0.0
2,28.4,568,cruise,19.869,20.057,29.774,27.057,2.717,-0.188,0.456,0.0
2,28.45,569,cruise,19.868,20.05,29.765,27.05,2.715,-0.182,0.456,0.0
2,28.5,570,cruise,19.869,20.043,29.756,27.043,2.714,-0.174,0.456,0.0
2,28.55,571,cruise,19.871,20.035,29.748,27.035,2.713,-0.164,0.456,0.0
2,28.6,572,cruise,19.873,20.028,29.74,27.028,2.712,-0.155,0.456,0.0
2,28.65,573,cruise,19.874,20.021,29.732,27.021,2.712,-0.146,0.457,0.0
2,28.7,574,cruise,19.874,20.013,29.725,27.013,2.712,-0.14,0.457,0.0
2,28.75,575,cruise,19.872,20.006,29.718,27.006,2.712,-0.134,0.457,0.0
2,28.8,576,cruise,19.871,19.999,29.712,26.999,2.713,-0.129,0.457,0.0
2,28.85,577,cruise,19.87,19.992,29.706,26.992,2.713,-0.123,0.458,0.0
2,28.9,578,cruise,19.869,19.986,29.7,26.986,2.714,-0.116,0.458,0.0
2,28.95,579,cruise,19.87,19.979,29.694,26.979,2.715,-0.109,0.458,0.0
2,29.0,580,cruise,19.872,19.972,29.689,26.972,2.716,-0.101,0.459,0.0
2,29.05,581,cruise,19.873,19.966,29.684,26.966,2.718,-0.093,0.459,0.0
2,29.1,582,cruise,19.873,19.96,29.68,26.96,2.72,-0.087,0.46,0.0
2,29.15,583,cruise,19.873,19.954,29.675,26.954,2.722,-0.081,0.46,0.0
2,29.2,584,cruise,19.872,19.948,29.672,26.948,2.724,-0.076,0.461,0.0
2,29.25,585,cruise,19.871,19.942,29.668,26.942,2.726,-0.072,0.461,0.0
2,29.3,586,cruise,19.87,19.937,29.664,26.937,2.728,-0.066,0.461,0.0
2,29.35,587,cruise,19.87,19.931,29.661,26.931,2.73,-0.061,0.462,0.0
2,29.4,588,cruise,19.871,19.926,29.658,26.926,2.732,-0.055,0.462,0.0
2,29.45,589,cruise,19.872,19.921,29.656,26.921,2.735,-0.049,0.463,0.0
2,29.5,590,cruise,19.872,19.916,29.654,26.916,2.737,-0.044,0.463,0.0
2,29.55,591,cruise,19.872,19.912,29.651,26.912,2.74,-0.039,0.464,0.0
2,29.6,592,cruise,19.872,19.907,29.65,26.907,2.742,-0.035,0.464,0.0
2,29.65,593,cruise,19.871,19.903,29.648,26.903,2.745,-0.032,0.465,0.0
2,29.7,594,cruise,19.871,19.899,29.647,26.899,2.747,-0.028,0.465,0.0
2,29.75,595,cruise,19.871,19.895,29.645,26.895,2.75,-0.025,0.466,0.0
2,29.8,596,cruise,19.871,19.892,29.644,26.892,2.752,-0.02,0.466,0.0
2,29.85,597,cruise,19.871,19.888,29.643,26.888,2.755,-0.017,0.467,0.0
2,29.9,598,cruise,19.871,19.885,29.642,26.885,2.757,-0.014,0.467,0.0
2,29.95,599,cruise,19.872,19.882,29.642,26.882,2.76,-0.01,0.468,0.0
2,30.0,600,cruise,19.872,19.879,29.641,26.879,2.762,-0.007,0.468,0.0
2,30.05,601,cruise,19.872,19.876,29.641,26.876,2.765,-0.005,0.468,0.0
2,30.1,602,cruise,19.872,19.874,29.641,26.874,2.767,-0.002,0.469,0.0
2,30.15,603,cruise,19.871,19.871,29.641,26.871,2.769,-0.0,0.469,0.0
2,30.2,604,cruise,19.871,19.869,29.641,26.869,2.772,0.002,0.47,0.0
2,30.25,605,cruise,19.871,19.867,29.641,26.867,2.774,0.004,0.47,0.0
2,30.3,606,cruise,19.871,19.865,29.641,26.865,2.776,0.006,0.47,0.0
2,30.35,607,cruise,19.872,19.863,29.642,26.863,2.778,0.008,0.471,0.0
2,30.4,608,cruise,19.872,19.862,29.642,26.862,2.78,0.01,0.471,0.0
2,30.45,609,cruise,19.872,19.86,29.643,26.86,2.782,0.011,0.471,0.0
2,30.5,610,cruise,19.872,19.859,29.643,26.859,2.784,0.013,0.472,0.0
2,30.55,611,cruise,19.871,19.858,29.644,26.858,2.786,0.014,0.472,0.0
2,30.6,612,cruise,19.871,19.857,29.645,26.857,2.788,0.015,0.472,0.0
2,30.65,613,cruise,19.871,19.856,29.645,26.856,2.79,0.016,0.472,0.0
2,30.7,614,cruise,19.871,19.855,29.646,26.855,2.791,0.017,0.473,0.0
2,30.75,615,cruise,19.871,19.854,29.647,26.854,2.793,0.017,0.473,0.0
2,30.8,616,cruise,19.872,19.853,29.648,26.853,2.795,0.018,0.473,0.0
2,30.85,617,cruise,19.872,19.853,29.649,26.853,2.796,0.019,0.473,0.0
2,30.9,618,cruise,19.872,19.852,29.65,26.852,2.797,0.019,0.474,0.0
2,30.95,619,cruise,19.871,19.852,29.651,26.852,2.799,0.019,0.474,0.0
2,31.0,620,cruise,19.871,19.852,29.652,26.852,2.8,0.02,0.474,0.0
2,31.05,621,cruise,19.871,19.852,29.653,26.852,2.801,0.02,0.474,0.0
2,31.1,622,cruise,19.871,19.851,29.654,26.851,2.802,0.02,0.474,0.0
2,31.15,623,cruise,19.871,19.851,29.655,26.851,2.804,0.02,0.474,0.0
2,31.2,624,cruise,19.871,19.851,29.656,26.851,2.804,0.02,0.475,0.0
2,31.25,625,cruise,19.872,19.851,29.657,26.851,2.805,0.02,0.475,0.0
2,31.3,626,cruise,19.872,19.852,29.658,26.852,2.806,0.02,0.475,0.0
2,31.35,627,cruise,19.871,19.852,29.659,26.852,2.807,0.02,0.475,0.0
2,31.4,628,cruise,19.871,19.852,29.66,26.852,2.808,0.02,0.475,0.0
2,31.45,629,cruise,19.871,19.852,29.661,26.852,2.809,0.019,0.475,0.0
2,31.5,630,cruise,19.871,19.852,29.662,26.852,2.809,0.019,0.475,0.0
2,31.55,631,cruise,19.871,19.853,29.663,26.853,2.81,0.019,0.475,0.0
2,31.6,632,cruise,19.871,19.853,29.664,26.853,2.811,0.018,0.475,0.0
2,31.65,633,cruise,19.871,19.853,29.664,26.853,2.811,0.018,0.475,0.0
2,31.7,634,cruise,19.871,19.854,29.665,26.854,2.812,0.018,0.475,0.0
2,31.75,635,cruise,19.871,19.854,29.666,26.854,2.812,0.017,0.476,0.0
2,31.8,636,cruise,19.871,19.855,29.667,26.855,2.812,0.017,0.476,0.0
2,31.85,637,cruise,19.871,19.855,29.668,26.855,2.813,0.016,0.476,0.0
2,31.9,638,cruise,19.871,19.856,29.669,26.856,2.813,0.016,0.476,0.0
2,31.95,639,cruise,19.871,19.856,29.67,26.856,2.813,0.015,0.476,0.0
2,32.0,640,cruise,19.871,19.857,29.67,26.857,2.814,0.015,0.476,0.0
2,32.05,641,cruise,19.871,19.857,29.671,26.857,2.814,0.014,0.476,0.0
2,32.1,642,cruise,19.871,19.858,29.672,26.858,2.814,0.014,0.476,0.0
2,32.15,643,cruise,19.871,19.858,29.672,26.858,2.814,0.013,0.476,0.0
2,32.2,644,cruise,19.871,19.859,29.673,26.859,2.814,0.013,0.476,0.0
2,32.25,645,cruise,19.871,19.859,29.674,26.859,2.814,0.012,0.476,0.0
2,32.3,646,cruise,19.871,19.86,29.674,26.86,2.814,0.012,0.476,0.0
2,32.35,647,cruise,19.871,19.86,29.675,26.86,2.814,0.011,0.476,0.0
2,32.4,648,cruise,19.871,19.861,29.675,26.861,2.814,0.01,0.476,0.0
2,32.45,649,cruise,19.871,19.861,29.676,26.861,2.814,0.01,0.476,0.0
2,32.5,650,cruise,19.871,19.862,29.676,26.862,2.814,0.009,0.476,0.0
2,32.55,651,cruise,19.871,19.863,29.677,26.863,2.815,0.009,0.476,0.0
2,32.6,652,cruise,19.872,19.863,29.677,26.863,2.814,0.009,0.476,0.0
2,32.65,653,cruise,19.872,19.864,29.678,26.864,2.814,0.008,0.475,0.0
2,32.7,654,cruise,19.872,19.864,29.678,26.864,2.814,0.008,0.475,0.0
2,32.75,655,cruise,19.871,19.864,29.678,26.864,2.814,0.007,0.475,0.0
2,32.8,656,cruise,19.871,19.865,29.679,26.865,2.814,0.006,0.475,0.0
2,32.85,657,cruise,19.871,19.865,29.679,26.865,2.814,0.006,0.475,0.0
2,32.9,658,cruise,19.871,19.866,29.679,26.866,2.813,0.005,0.475,0.0
2,32.95,659,cruise,19.872,19.866,29.68,26.866,2.813,0.005,0.475,0.0
2,33.0,660,cruise,19.872,19.867,29.68,26.867,2.813,0.005,0.475,0.0
2,33.05,661,cruise,19.872,19.867,29.68,26.867,2.813,0.005,0.475,0.0
2,33.1,662,cruise,19.872,19.867,29.68,26.867,2.813,0.004,0.475,0.0
2,33.15,663,cruise,19.871,19.868,29.68,26.868,2.813,0.004,0.475,0.0
2,33.2,664,cruise,19.871,19.868,29.681,26.868,2.812,0.003,0.475,0.0
2,33.25,665,cruise,19.871,19.868,29.681,26.868,2.812,0.003,0.475,0.0
2,33.3,666,cruise,19.871,19.869,29.681,26.869,2.812,0.002,0.475,0.0
2,33.35,667,cruise,19.871,19.869,29.681,26.869,2.812,0.002,0.475,0.0
2,33.4,668,cruise,19.872,19.869,29.681,26.869,2.812,0.002,0.475,0.0
2,33.45,669,cruise,19.872,19.87,29.681,26.87,2.812,0.002,0.475,0.0
2,33.5,670,cruise,19.872,19.87,29.681,26.87,2.811,0.002,0.475,0.0
2,33.55,671,cruise,19.872,19.87,29.681,26.87,2.811,0.001,0.475,0.0
2,33.6,672,cruise,19.871,19.87,29.681,26.87,2.811,0.001,0.475,0.0
2,33.65,673,cruise,19.871,19.871,29.681,26.871,2.811,0.001,0.475,0.0
2,33.7,674,cruise,19.871,19.871,29.681,26.871,2.811,0.0,0.475,0.0
2,33.75,675,cruise,19.871,19.871,29.682,26.871,2.81,0.0,0.475,0.0
2,33.8,676,cruise,19.871,19.871,29.682,26.871,2.81,0.0,0.475,0.0
2,33.85,677,cruise,19.872,19.871,29.682,26.871,2.81,0.0,0.475,0.0
2,33.9,678,cruise,19.872,19.872,29.682,26.872,2.81,-0.0,0.475,0.0
2,33.95,679,cruise,19.872,19.872,29.682,26.872,2.81,-0.0,0.475,0.0
2,34.0,680,cruise,19.871,19.872,29.682,26.872,2.81,-0.001,0.475,0.0
2,34.05,681,cruise,19.871,19.872,29.681,26.872,2.81,-0.001,0.475,0.0
2,34.1,682,cruise,19.87,19.872,29.682,26.872,2.809,-0.002,0.475,0.0
2,34.15,683,cruise,19.87,19.872,29.682,26.872,2.809,-0.002,0.475,0.0
2,34.2,684,cruise,19.871,19.872,29.682,26.872,2.81,-0.002,0.475,0.0
2,34.25,685,cruise,19.871,19.873,29.682,26.873,2.809,-0.001,0.475,0.0
2,34.3,686,cruise,19.871,19.873,29.682,26.873,2.809,-0.001,0.475,0.0
2,34.35,687,cruise,19.872,19.873,29.682,26.873,2.809,-0.001,0.475,0.0
2,34.4,688,cruise,19.871,19.873,29.682,26.873,2.809,-0.001,0.474,0.0
2,34.45,689,cruise,19.871,19.873,29.682,26.873,2.809,-0.002,0.474,0.0
2,34.5,690,cruise,19.871,19.873,29.681,26.873,2.809,-0.002,0.474,0.0
2,34.55,691,cruise,19.87,19.873,29.681,26.873,2.808,-0.002,0.474,0.0
2,34.6,692,cruise,19.871,19.873,29.681,26.873,2.808,-0.002,0.474,0.0
2,34.65,693,cruise,19.871,19.873,29.681,26.873,2.808,-0.002,0.474,0.0
2,34.7,694,cruise,19.871,19.873,29.681,26.873,2.808,-0.002,0.474,0.0
2,34.75,695,cruise,19.871,19.873,29.681,26.873,2.808,-0.002,0.474,0.0
2,34.8,696,cruise,19.871,19.873,29.681,26.873,2.808,-0.002,0.474,0.0
2,34.85,697,cruise,19.871,19.873,29.681,26.873,2.808,-0.002,0.474,0.0
2,34.9,698,cruise,19.871,19.873,29.681,26.873,2.807,-0.002,0.474,0.0
2,34.95,699,cruise,19.847,19.873,29.68,26.873,2.807,-0.026,0.473,0.0
2,35.0,700,cruise,19.785,19.873,29.676,26.873,2.803,-0.088,0.471,0.0
2,35.05,701,cruise,19.727,19.873,29.669,26.873,2.796,-0.145,0.468,0.0
2,35.1,702,cruise,19.756,19.872,29.66,26.872,2.788,-0.116,0.468,0.0
2,35.15,703,cruise,19.825,19.87,29.654,26.87,2.784,-0.045,0.47,0.0
2,35.2,704,cruise,19.9,19.869,29.652,26.869,2.783,0.031,0.472,0.0
2,35.25,705,cruise,19.954,19.867,29.651,26.867,2.784,0.087,0.474,0.0
2,35.3,706,cruise,19.962,19.866,29.651,26.866,2.785,0.096,0.475,0.0
2,35.35,707,cruise,19.924,19.865,29.65,26.865,2.784,0.059,0.473,0.0
2,35.4,708,cruise,19.863,19.865,29.645,26.865,2.78,-0.002,0.471,0.0
2,35.45,709,cruise,19.806,19.864,29.636,26.864,2.772,-0.059,0.468,0.0
2,35.5,710,cruise,19.777,19.863,29.625,26.863,2.762,-0.086,0.465,0.0
2,35.55,711,cruise,19.789,19.861,29.614,26.861,2.754,-0.071,0.465,0.0
2,35.6,712,cruise,19.815,19.858,29.606,26.858,2.748,-0.043,0.465,0.0
2,35.65,713,cruise,19.875,19.855,29.601,26.855,2.747,0.021,0.467,0.0
2,35.7,714,cruise,19.903,19.851,29.601,26.851,2.75,0.052,0.468,0.0
2,35.75,715,cruise,19.928,19.848,29.603,26.848,2.755,0.08,0.47,0.0
2,35.8,716,cruise,19.91,19.845,29.606,26.845,2.762,0.065,0.47,0.0
2,35.85,717,cruise,19.88,19.842,29.609,26.842,2.767,0.038,0.47,0.0
2,35.9,718,cruise,19.835,19.84,29.612,26.84,2.772,-0.005,0.469,0.0
2,35.95,719,cruise,19.815,19.837,29.613,26.837,2.776,-0.023,0.469,0.0
2,36.0,720,cruise,19.807,19.835,29.615,26.835,2.78,-0.028,0.47,0.0
2,36.05,721,cruise,19.839,19.833,29.618,26.833,2.785,0.006,0.472,0.0
2,36.1,722,cruise,19.871,19.83,29.623,26.83,2.793,0.041,0.474,0.0
2,36.15,723,cruise,19.907,19.829,29.631,26.829,2.802,0.078,0.476,0.0
2,36.2,724,cruise,19.913,19.827,29.639,26.827,2.812,0.085,0.478,0.0
2,36.25,725,cruise,19.901,19.827,29.647,26.827,2.821,0.074,0.479,0.0
2,36.3,726,cruise,19.868,19.827,29.654,26.827,2.828,0.041,0.478,0.0
2,36.35,727,cruise,19.84,19.827,29.66,26.827,2.833,0.013,0.478,0.0
2,36.4,728,cruise,19.823,19.827,29.665,26.827,2.837,-0.004,0.478,0.0
2,36.45,729,cruise,19.831,19.809,29.668,26.809,2.859,0.022,0.482,0.0
2,36.5,730,cruise,19.853,19.742,29.673,26.742,2.931,0.111,0.494,0.0
2,36.55,731,cruise,19.881,19.658,29.682,26.658,3.024,0.223,0.511,0.0
2,36.6,732,cruise,19.897,19.639,29.692,26.639,3.054,0.259,0.516,0.0
2,36.65,733,cruise,19.897,19.647,29.702,26.647,3.055,0.25,0.516,0.0
2,36.7,734,cruise,19.88,19.657,29.711,26.657,3.054,0.224,0.515,0.0
2,36.75,735,cruise,19.859,19.663,29.719,26.663,3.056,0.197,0.514,0.0
2,36.8,736,cruise,19.842,19.668,29.725,26.668,3.057,0.175,0.513,0.0
2,36.85,737,cruise,19.839,19.673,29.731,26.673,3.058,0.166,0.513,0.0
2,36.9,738,cruise,19.848,19.681,29.738,26.681,3.058,0.167,0.513,0.0
2,36.95,739,cruise,19.865,19.689,29.747,26.689,3.057,0.176,0.514,0.0
2,37.0,740,cruise,19.88,19.699,29.757,26.699,3.058,0.181,0.514,0.0
2,37.05,741,cruise,19.886,19.709,29.768,26.709,3.059,0.177,0.514,0.0
2,37.1,742,cruise,19.881,19.702,29.779,26.702,3.078,0.179,0.516,0.0
2,37.15,743,cruise,19.869,19.712,29.791,26.712,3.079,0.157,0.516,0.0
2,37.2,744,cruise,19.856,19.698,29.801,26.698,3.104,0.158,0.519,0.0
2,37.25,745,cruise,19.849,19.708,29.812,26.708,3.103,0.141,0.518,0.0
2,37.3,746,cruise,19.85,19.708,29.821,26.708,3.113,0.143,0.52,0.0
2,37.35,747,cruise,19.859,19.718,29.831,26.718,3.113,0.141,0.52,0.0
2,37.4,748,cruise,19.869,19.717,29.842,26.717,3.125,0.152,0.522,0.0
2,37.45,749,cruise,19.876,19.729,29.852,26.729,3.123,0.147,0.521,0.0
2,37.5,750,cruise,19.877,19.727,29.861,26.727,3.135,0.151,0.523,0.0
2,37.55,751,cruise,19.872,19.739,29.87,26.739,3.131,0.133,0.522,0.0
2,37.6,752,cruise,19.864,19.741,29.878,26.741,3.137,0.123,0.522,0.0
2,37.65,753,cruise,19.857,19.755,29.885,26.755,3.13,0.103,0.521,0.0
2,37.7,754,cruise,19.855,19.76,29.891,26.76,3.131,0.095,0.521,0.0
2,37.75,755,cruise,19.858,19.773,29.896,26.773,3.124,0.085,0.519,0.0
2,37.8,756,cruise,19.864,19.778,29.901,26.778,3.123,0.086,0.519,0.0
2,37.85,757,cruise,19.87,19.789,29.905,26.789,3.116,0.081,0.518,0.0
2,37.9,758,cruise,19.872,19.795,29.909,26.795,3.113,0.077,0.518,0.0
2,37.95,759,cruise,19.871,19.806,29.912,26.806,3.107,0.066,0.516,0.0
2,38.0,760,cruise,19.864,19.813,29.915,26.813,3.102,0.051,0.515,0.0
2,38.05,761,cruise,19.86,19.823,29.918,26.823,3.095,0.037,0.514,0.0
2,38.1,762,cruise,19.851,19.83,29.919,26.83,3.089,0.021,0.513,0.0
2,38.15,763,cruise,19.843,19.838,29.92,26.838,3.081,0.005,0.511,0.0
2,38.2,764,cruise,19.853,19.844,29.919,26.844,3.075,0.009,0.51,0.0
2,38.25,765,cruise,19.856,19.85,29.919,26.85,3.068,0.005,0.509,0.0
2,38.3,766,cruise,19.871,19.856,29.919,26.856,3.063,0.015,0.509,0.0
2,38.35,767,cruise,19.86,19.861,29.918,26.861,3.057,-0.001,0.508,0.0
2,38.4,768,cruise,19.866,19.866,29.917,26.866,3.051,0.001,0.507,0.0
2,38.45,769,cruise,19.845,19.871,29.915,26.871,3.044,-0.026,0.505,0.0
2,38.5,770,cruise,19.851,19.875,29.912,26.875,3.037,-0.023,0.504,0.0
2,38.55,771,cruise,19.836,19.878,29.908,26.878,3.03,-0.042,0.503,0.0
2,38.6,772,cruise,19.853,19.88,29.904,26.88,3.023,-0.028,0.502,0.0
2,38.65,773,cruise,19.847,19.883,29.898,26.883,3.016,-0.035,0.501,0.0
2,38.7,774,cruise,19.821,19.884,29.89,26.884,3.006,-0.063,0.499,0.0
2,38.75,775,cruise,19.845,19.886,29.881,26.886,2.996,-0.041,0.498,0.0
2,38.8,776,cruise,19.856,19.887,29.872,26.887,2.986,-0.031,0.497,0.0
2,38.85,777,cruise,19.882,19.887,29.864,26.887,2.977,-0.005,0.497,0.0
2,38.9,778,cruise,19.869,19.887,29.855,26.887,2.968,-0.018,0.495,0.0
2,38.95,779,cruise,19.873,19.887,29.845,26.887,2.958,-0.013,0.494,0.0
2,39.0,780,cruise,19.842,19.886,29.832,26.886,2.946,-0.045,0.491,0.0
2,39.05,781,cruise,19.841,19.885,29.819,26.885,2.934,-0.043,0.49,0.0
2,39.1,782,cruise,19.821,19.883,29.805,26.883,2.922,-0.062,0.487,0.0
2,39.15,783,cruise,19.768,19.88,29.786,26.88,2.906,-0.112,0.484,0.0
2,39.2,784,cruise,19.795,19.877,29.766,26.877,2.889,-0.082,0.482,0.0
2,39.25,785,cruise,19.827,19.873,29.747,26.873,2.874,-0.046,0.482,0.0
2,39.3,786,cruise,19.892,19.868,29.73,26.868,2.862,0.024,0.482,0.0
2,39.35,787,cruise,19.912,19.863,29.716,26.863,2.853,0.049,0.482,0.0
2,39.4,788,cruise,19.924,19.857,29.704,26.857,2.847,0.067,0.482,0.0
2,39.45,789,cruise,19.874,19.851,29.69,26.851,2.839,0.023,0.479,0.0
2,39.5,790,cruise,19.776,19.841,29.672,26.841,2.83,-0.065,0.475,0.0
2,39.55,791,cruise,19.748,19.835,29.65,26.835,2.816,-0.087,0.473,0.0
2,39.6,792,cruise,19.733,19.82,29.63,26.82,2.81,-0.087,0.472,0.0
2,39.65,793,cruise,19.776,19.811,29.612,26.811,2.8,-0.035,0.472,0.0
2,39.7,794,cruise,19.798,19.79,29.597,26.79,2.807,0.008,0.474,0.0
2,39.75,795,cruise,19.871,19.764,29.585,26.764,2.821,0.107,0.48,0.0
2,39.8,796,decelerate,19.904,19.755,29.579,26.755,2.825,0.149,0.482,0.0
2,39.85,797,decelerate,19.938,19.732,29.577,26.732,2.845,0.206,0.486,0.0
2,39.9,798,decelerate,19.869,19.725,29.576,26.725,2.851,0.144,0.485,0.0
2,39.95,799,decelerate,19.671,19.695,29.568,26.695,2.873,-0.023,0.482,0.0
2,40.0,800,decelerate,19.488,19.689,29.552,26.689,2.863,-0.2,0.475,0.0
2,40.05,801,decelerate,19.261,19.654,29.527,26.654,2.874,-0.392,0.47,0.0
2,40.1,802,decelerate,19.052,19.645,29.495,26.645,2.85,-0.593,0.46,0.0
2,40.15,803,decelerate,18.83,19.608,29.457,26.608,2.849,-0.778,0.454,0.0
2,40.2,804,decelerate,18.615,19.597,29.414,26.597,2.817,-0.982,0.443,0.0
2,40.25,805,decelerate,18.427,19.554,29.363,26.554,2.809,-1.126,0.437,0.0
2,40.3,806,decelerate,18.22,19.536,29.305,26.536,2.768,-1.317,0.425,0.0
2,40.35,807,decelerate,18.06,19.488,29.24,26.488,2.752,-1.428,0.419,0.0
2,40.4,808,decelerate,17.876,19.407,29.169,26.407,2.762,-1.532,0.417,0.0
2,40.45,809,decelerate,17.73,19.371,29.092,26.371,2.721,-1.642,0.408,0.0
2,40.5,810,decelerate,17.551,19.317,29.008,26.317,2.692,-1.766,0.4,0.0
2,40.55,811,decelerate,17.401,19.287,28.919,26.287,2.632,-1.886,0.388,0.0
2,40.6,812,decelerate,17.209,19.223,28.822,26.223,2.599,-2.014,0.379,0.0
2,40.65,813,decelerate,17.052,19.185,28.719,26.185,2.534,-2.134,0.367,0.0
2,40.7,814,decelerate,16.885,19.116,28.615,26.116,2.498,-2.231,0.359,0.0
2,40.75,815,decelerate,16.701,19.074,28.505,26.074,2.432,-2.373,0.345,0.0
2,40.8,816,decelerate,16.532,18.996,28.39,25.996,2.394,-2.465,0.337,0.0
2,40.85,817,decelerate,16.331,18.946,28.27,25.946,2.323,-2.615,0.323,0.0
2,40.9,818,decelerate,16.178,18.865,28.144,25.865,2.279,-2.687,0.314,0.0
2,40.95,819,decelerate,16.021,18.806,28.017,25.806,2.211,-2.785,0.302,0.0
2,41.0,820,decelerate,15.826,18.714,27.886,25.714,2.172,-2.887,0.293,0.0
2,41.05,821,decelerate,15.665,18.647,27.75,25.647,2.103,-2.982,0.281,0.0
2,41.1,822,decelerate,15.5,18.549,27.612,25.549,2.063,-3.048,0.273,0.0
2,41.15,823,decelerate,15.306,18.477,27.469,25.477,1.992,-3.171,0.26,0.0
2,41.2,824,decelerate,15.144,18.375,27.322,25.375,1.947,-3.23,0.252,0.0
2,41.25,825,decelerate,14.953,18.295,27.17,25.295,1.875,-3.342,0.239,0.0
2,41.3,826,decelerate,14.798,18.186,27.015,25.186,1.829,-3.388,0.231,0.0
2,41.35,827,decelerate,14.713,18.101,26.859,25.101,1.757,-3.388,0.221,0.0
2,41.4,828,decelerate,14.594,17.984,26.702,24.984,1.718,-3.39,0.216,0.0
2,41.45,829,decelerate,14.364,17.897,26.544,24.897,1.647,-3.533,0.202,0.0
2,41.5,830,decelerate,14.0,17.775,26.374,24.775,1.599,-3.775,0.187,0.0
2,41.55,831,decelerate,13.711,17.68,26.192,24.68,1.511,-3.969,0.169,0.0
2,41.6,832,decelerate,13.514,17.556,26.003,24.556,1.447,-4.042,0.158,0.0
2,41.65,833,decelerate,13.395,17.455,25.812,24.455,1.357,-4.06,0.146,0.0
2,41.7,834,decelerate,13.313,17.322,25.621,24.322,1.3,-4.009,0.14,0.0
2,41.75,835,decelerate,13.261,17.217,25.433,24.217,1.217,-3.956,0.13,0.0
2,41.8,836,decelerate,13.144,17.111,25.248,24.111,1.137,-3.967,0.119,0.0
2,41.85,837,decelerate,12.944,16.985,25.059,23.985,1.074,-4.041,0.109,0.0
2,41.9,838,decelerate,12.739,16.868,24.866,23.868,0.998,-4.129,0.095,0.0
2,41.95,839,decelerate,12.528,16.719,24.668,23.719,0.949,-4.191,0.087,0.0
2,42.0,840,decelerate,12.322,16.602,24.466,23.602,0.864,-4.28,0.072,0.0
2,42.05,841,decelerate,12.126,16.449,24.26,23.449,0.811,-4.323,0.064,0.0
2,42.1,842,decelerate,11.964,16.329,24.051,23.329,0.722,-4.365,0.051,0.0
2,42.15,843,decelerate,11.792,16.179,23.84,23.179,0.66,-4.388,0.042,0.0
2,42.2,844,decelerate,11.625,16.054,23.626,23.054,0.573,-4.428,0.029,0.0
2,42.25,845,decelerate,11.436,15.927,23.41,22.927,0.482,-4.491,0.015,0.0
2,42.3,846,decelerate,11.272,15.785,23.19,22.785,0.406,-4.513,0.004,0.0
2,42.35,847,decelerate,11.148,15.654,22.97,22.654,0.316,-4.505,0.0,0.006
2,42.4,848,decelerate,11.072,15.522,22.754,22.522,0.232,-4.45,0.0,0.013
2,42.45,849,decelerate,10.965,15.366,22.538,22.366,0.172,-4.401,0.0,0.018
2,42.5,850,decelerate,10.367,15.23,22.309,22.23,0.079,-4.863,0.0,0.039
2,42.55,851,decelerate,9.916,15.062,22.06,22.062,-0.001,-5.146,0.0,0.054
2,42.6,852,decelerate,9.594,14.92,21.801,21.92,-0.119,-5.326,0.0,0.07
2,42.65,853,decelerate,9.401,14.774,21.537,21.774,-0.237,-5.373,0.0,0.083
2,42.7,854,decelerate,9.3,14.654,21.273,21.654,-0.381,-5.354,0.0,0.097
2,42.75,855,decelerate,9.278,14.595,21.01,21.595,-0.585,-5.317,0.0,0.117
2,42.8,856,decelerate,9.305,14.561,20.749,21.561,-0.812,-5.256,0.0,0.138
2,42.85,857,decelerate,9.374,14.161,20.505,21.161,-0.656,-4.787,0.0,0.111
2,42.9,858,decelerate,9.429,13.864,20.279,20.864,-0.585,-4.436,0.0,0.095
2,42.95,859,decelerate,9.408,13.606,20.067,20.606,-0.539,-4.198,0.0,0.084
2,43.0,860,decelerate,9.302,13.353,19.863,20.353,-0.49,-4.052,0.0,0.076
2,43.05,861,decelerate,9.14,13.138,19.664,20.138,-0.474,-3.998,0.0,0.073
2,43.1,862,decelerate,8.927,12.935,19.466,19.935,-0.469,-4.008,0.0,0.073
2,43.15,863,decelerate,8.708,12.737,19.267,19.737,-0.47,-4.028,0.0,0.073
2,43.2,864,decelerate,8.469,12.53,19.065,19.53,-0.464,-4.061,0.0,0.074
2,43.25,865,decelerate,8.221,12.341,18.862,19.341,-0.479,-4.121,0.0,0.077
2,43.3,866,decelerate,7.967,12.165,18.655,19.165,-0.509,-4.197,0.0,0.082
2,43.35,867,decelerate,7.72,11.963,18.446,18.963,-0.517,-4.242,0.0,0.084
2,43.4,868,decelerate,7.46,11.799,18.232,18.799,-0.567,-4.339,0.0,0.091
2,43.45,869,decelerate,7.287,11.605,18.015,18.605,-0.59,-4.317,0.0,0.093
2,43.5,870,decelerate,7.213,11.451,17.802,18.451,-0.649,-4.239,0.0,0.097
2,43.55,871,decelerate,7.016,11.245,17.594,18.245,-0.651,-4.229,0.0,0.097
2,43.6,872,decelerate,6.538,11.186,17.372,18.186,-0.813,-4.647,0.0,0.124
2,43.65,873,decelerate,6.042,11.11,17.128,18.11,-0.981,-5.067,0.0,0.151
2,43.7,874,decelerate,5.674,10.831,16.869,17.831,-0.962,-5.157,0.0,0.152
2,43.75,875,decelerate,5.423,10.27,16.621,17.27,-0.648,-4.847,0.0,0.113
2,43.8,876,decelerate,5.263,9.851,16.388,16.851,-0.463,-4.588,0.0,0.088
2,43.85,877,decelerate,5.18,9.466,16.169,16.466,-0.297,-4.286,0.0,0.064
2,43.9,878,decelerate,5.121,9.187,15.962,16.187,-0.225,-4.066,0.0,0.051
2,43.95,879,decelerate,5.09,8.877,15.768,15.877,-0.108,-3.787,0.0,0.032
2,44.0,880,decelerate,5.085,8.662,15.586,15.662,-0.076,-3.577,0.0,0.024
2,44.05,881,decelerate,5.113,8.367,15.418,15.367,0.05,-3.254,0.0,0.003
2,44.1,882,decelerate,5.166,8.177,15.263,15.177,0.086,-3.012,0.009,0.0
2,44.15,883,decelerate,5.169,7.916,15.122,14.916,0.206,-2.747,0.033,0.0
2,44.2,884,decelerate,5.117,7.748,14.989,14.748,0.241,-2.631,0.042,0.0
2,44.25,885,decelerate,5.043,7.499,14.863,14.499,0.364,-2.456,0.064,0.0
2,44.3,886,decelerate,4.979,7.35,14.743,14.35,0.393,-2.372,0.071,0.0
2,44.35,887,decelerate,4.9,7.105,14.63,14.105,0.525,-2.205,0.094,0.0
2,44.4,888,decelerate,4.739,6.977,14.519,13.977,0.543,-2.238,0.096,0.0
2,44.45,889,decelerate,4.537,6.832,14.407,13.832,0.575,-2.295,0.098,0.0
2,44.5,890,decelerate,4.317,6.864,14.285,13.864,0.422,-2.546,0.069,0.0
2,44.55,891,decelerate,4.092,6.666,14.155,13.666,0.488,-2.575,0.077,0.0
2,44.6,892,decelerate,3.868,6.112,14.037,13.112,0.925,-2.244,0.147,0.0
2,44.65,893,decelerate,3.652,5.707,13.931,12.707,1.223,-2.055,0.193,0.0
2,44.7,894,decelerate,3.451,5.389,13.832,12.389,1.443,-1.938,0.227,0.0
2,44.75,895,decelerate,3.255,5.139,13.738,12.139,1.599,-1.884,0.249,0.0
2,44.8,896,decelerate,3.064,4.942,13.645,11.942,1.704,-1.878,0.264,0.0
2,44.85,897,decelerate,2.878,4.759,13.552,11.759,1.793,-1.881,0.276,0.0
2,44.9,898,decelerate,2.698,4.632,13.457,11.632,1.824,-1.934,0.279,0.0
2,44.95,899,decelerate,2.524,4.529,13.358,11.529,1.829,-2.005,0.277,0.0
2,45.0,900,decelerate,2.355,4.441,13.256,11.441,1.815,-2.086,0.273,0.0
2,45.05,901,decelerate,2.192,4.361,13.149,11.361,1.788,-2.169,0.266,0.0
2,45.1,902,decelerate,2.035,4.286,13.039,11.286,1.753,-2.25,0.259,0.0
2,45.15,903,decelerate,1.832,4.212,12.924,11.212,1.712,-2.38,0.249,0.0
2,45.2,904,decelerate,0.642,4.139,12.773,11.139,1.634,-3.497,0.201,0.0
2,45.25,905,decelerate,0.001,4.06,12.575,11.06,1.515,-4.059,0.167,0.0
2,45.3,906,decelerate,0.001,3.97,12.375,10.97,1.405,-3.97,0.155,0.0
2,45.35,907,decelerate,0.001,3.871,12.181,10.871,1.309,-3.871,0.146,0.0
2,45.4,908,decelerate,0.001,3.757,11.992,10.757,1.234,-3.756,0.139,0.0
2,45.45,909,decelerate,0.001,3.649,11.808,10.649,1.159,-3.649,0.133,0.0
2,45.5,910,decelerate,0.001,3.539,11.63,10.539,1.09,-3.539,0.127,0.0
2,45.55,911,decelerate,0.0,3.426,11.457,10.426,1.031,-3.425,0.123,0.0
2,45.6,912,decelerate,0.0,3.312,11.289,10.312,0.977,-3.312,0.12,0.0
2,45.65,913,decelerate,0.0,3.198,11.127,10.198,0.93,-3.198,0.117,0.0
2,45.7,914,decelerate,0.0,3.086,10.971,10.086,0.886,-3.085,0.115,0.0
2,45.75,915,decelerate,0.0,2.974,10.821,9.974,0.847,-2.974,0.114,0.0
2,45.8,916,decelerate,0.0,2.864,10.676,9.864,0.812,-2.864,0.113,0.0
2,45.85,917,decelerate,0.0,2.756,10.536,9.756,0.78,-2.756,0.112,0.0
2,45.9,918,decelerate,0.0,2.653,10.402,9.653,0.749,-2.653,0.112,0.0
2,45.95,919,decelerate,0.0,2.55,10.273,9.55,0.723,-2.55,0.111,0.0
2,46.0,920,decelerate,0.0,2.451,10.149,9.451,0.698,-2.451,0.111,0.0
2,46.05,921,decelerate,0.0,2.353,10.03,9.353,0.677,-2.353,0.112,0.0
2,46.1,922,decelerate,0.0,2.258,9.916,9.258,0.657,-2.258,0.112,0.0
2,46.15,923,decelerate,0.0,2.166,9.806,9.166,0.64,-2.166,0.113,0.0
2,46.2,924,stopped,0.0,2.076,9.7,9.076,0.625,-2.076,0.114,0.0
2,46.25,925,stopped,0.0,1.989,9.6,8.989,0.611,-1.989,0.115,0.0
2,46.3,926,stopped,0.0,1.905,9.503,8.905,0.598,-1.905,0.116,0.0
2,46.35,927,stopped,0.0,1.824,9.41,8.824,0.586,-1.824,0.117,0.0
2,46.4,928,stopped,0.0,1.748,9.322,8.748,0.574,-1.748,0.118,0.0
2,46.45,929,stopped,0.0,1.673,9.237,8.673,0.564,-1.673,0.119,0.0
2,46.5,930,stopped,0.0,1.597,9.156,8.597,0.559,-1.597,0.121,0.0
2,46.55,931,stopped,0.0,1.531,9.078,8.531,0.547,-1.53,0.122,0.0
2,46.6,932,stopped,0.0,1.467,9.003,8.467,0.536,-1.467,0.123,0.0
2,46.65,933,stopped,0.0,1.407,8.932,8.407,0.525,-1.407,0.123,0.0
2,46.7,934,stopped,0.0,1.35,8.863,8.35,0.514,-1.35,0.124,0.0
2,46.75,935,stopped,0.0,1.294,8.798,8.294,0.504,-1.294,0.124,0.0
2,46.8,936,stopped,0.0,1.248,8.735,8.248,0.486,-1.248,0.123,0.0
2,46.85,937,stopped,0.0,1.21,8.673,8.21,0.464,-1.21,0.122,0.0
2,46.9,938,stopped,0.0,1.172,8.614,8.172,0.442,-1.172,0.12,0.0
2,46.95,939,stopped,0.0,1.135,8.557,8.135,0.422,-1.135,0.118,0.0
2,47.0,940,stopped,0.0,1.1,8.501,8.1,0.401,-1.1,0.117,0.0
2,47.05,941,stopped,0.0,1.065,8.448,8.065,0.383,-1.065,0.116,0.0
2,47.1,942,stopped,0.0,1.03,8.395,8.03,0.365,-1.03,0.114,0.0
2,47.15,943,stopped,0.0,0.996,8.345,7.996,0.349,-0.996,0.113,0.0
2,47.2,944,stopped,0.0,0.963,8.296,7.963,0.334,-0.963,0.112,0.0
2,47.25,945,stopped,0.0,0.933,8.249,7.933,0.317,-0.933,0.111,0.0
2,47.3,946,stopped,0.0,0.902,8.204,7.902,0.301,-0.902,0.11,0.0
2,47.35,947,stopped,0.0,0.87,8.159,7.87,0.29,-0.87,0.11,0.0
2,47.4,948,stopped,0.0,0.837,8.117,7.837,0.28,-0.837,0.109,0.0
2,47.45,949,stopped,0.0,0.808,8.076,7.808,0.268,-0.808,0.109,0.0
2,47.5,950,stopped,0.0,0.778,8.036,7.778,0.258,-0.778,0.109,0.0
2,47.55,951,stopped,0.0,0.754,7.998,7.754,0.243,-0.754,0.107,0.0
2,47.6,952,stopped,0.0,0.726,7.961,7.726,0.234,-0.726,0.107,0.0
2,47.65,953,stopped,0.0,0.697,7.925,7.697,0.229,-0.697,0.107,0.0
2,47.7,954,stopped,0.0,0.677,7.891,7.677,0.214,-0.677,0.106,0.0
2,47.75,955,stopped,0.0,0.674,7.858,7.674,0.184,-0.674,0.102,0.0
2,47.8,956,stopped,0.0,0.604,7.827,7.604,0.223,-0.604,0.11,0.0
2,47.85,957,stopped,0.0,0.62,7.796,7.62,0.176,-0.62,0.103,0.0
2,47.9,958,stopped,0.0,0.564,7.768,7.564,0.204,-0.564,0.108,0.0
2,47.95,959,stopped,0.0,0.539,7.74,7.539,0.201,-0.539,0.109,0.0
2,48.0,960,stopped,0.0,0.531,7.713,7.531,0.182,-0.531,0.107,0.0
2,48.05,961,stopped,0.0,0.519,7.687,7.519,0.167,-0.519,0.105,0.0
2,48.1,962,stopped,0.0,0.483,7.661,7.483,0.178,-0.483,0.108,0.0
2,48.15,963,stopped,0.0,0.463,7.637,7.463,0.174,-0.463,0.108,0.0
2,48.2,964,stopped,0.0,0.442,7.613,7.442,0.171,-0.442,0.108,0.0
2,48.25,965,stopped,0.0,0.413,7.591,7.413,0.178,-0.413,0.11,0.0
2,48.3,966,stopped,0.0,0.396,7.57,7.396,0.174,-0.396,0.11,0.0
2,48.35,967,stopped,0.0,0.409,7.55,7.409,0.14,-0.409,0.105,0.0
2,48.4,968,stopped,0.0,0.373,7.53,7.373,0.157,-0.373,0.109,0.0
2,48.45,969,stopped,0.0,0.389,7.511,7.389,0.122,-0.389,0.103,0.0
2,48.5,970,stopped,0.0,0.369,7.494,7.369,0.124,-0.369,0.104,0.0
2,48.55,971,stopped,0.0,0.331,7.476,7.331,0.145,-0.331,0.108,0.0
2,48.6,972,stopped,0.0,0.316,7.46,7.316,0.144,-0.316,0.109,0.0
2,48.65,973,stopped,0.0,0.308,7.444,7.308,0.135,-0.308,0.108,0.0
2,48.7,974,stopped,0.0,0.304,7.428,7.304,0.124,-0.304,0.106,0.0
2,48.75,975,stopped,0.0,0.266,7.413,7.266,0.147,-0.266,0.111,0.0
2,48.8,976,stopped,0.0,0.276,7.398,7.276,0.122,-0.276,0.107,0.0
2,48.85,977,stopped,0.0,0.269,7.384,7.269,0.115,-0.269,0.106,0.0
2,48.9,978,stopped,0.0,0.271,7.37,7.271,0.099,-0.271,0.104,0.0
2,48.95,979,stopped,0.0,0.26,7.357,7.26,0.096,-0.26,0.104,0.0
2,49.0,980,stopped,0.0,0.25,7.344,7.25,0.094,-0.25,0.104,0.0
2,49.05,981,stopped,0.0,0.259,7.331,7.259,0.072,-0.259,0.101,0.0
2,49.1,982,stopped,0.0,0.259,7.319,7.259,0.06,-0.259,0.099,0.0
2,49.15,983,stopped,0.0,0.222,7.308,7.222,0.086,-0.222,0.104,0.0
2,49.2,984,stopped,0.0,0.229,7.297,7.229,0.068,-0.229,0.101,0.0
2,49.25,985,stopped,0.0,0.234,7.286,7.234,0.052,-0.234,0.099,0.0
2,49.3,986,stopped,0.0,0.203,7.276,7.203,0.073,-0.203,0.103,0.0
2,49.35,987,stopped,0.0,0.215,7.266,7.215,0.051,-0.215,0.1,0.0
